"id","name","domain","n","m","avg_degree","max_degree","max_in_degree","max_out_degree","h_index_d","h_index_u","fill","reciprocity","pseudo_diameter","fill_overall","parallel_edges","m_unique","max_pagerank","max_in_degree_centrality","max_out_degree_centrality","max_degree_centrality","powerlaw_exponent_degree","powerlaw_exponent_degree_dmin","powerlaw_exponent_in_degree","powerlaw_exponent_in_degree_dmin","stddev_in_degree","stddev_out_degree","coefficient_variation_in_degree","coefficient_variation_out_degree","var_in_degree","var_out_degree","centralization_degree"
1134,"rkb-explorer-webscience","Cross_domain",841,1003,"2,3853",77,77,53,5,10,"0,001394071097626",0,2,"0,001418106806206",17,986,"0,003998810939358","0,091666666666667","0,063095238095238","0,091666666666667","5,3553",7,"4,2776",2,"3,9242","2,8807","329,037","241,539","15,3993","8,2982","0,0891"
769,"polymath-virtual-library","Cross_domain",6343,9539,"3,0077",716,716,132,23,41,"0,000233610428922","0,002306321417339",4,"0,000237090103361",140,9399,"0,00149421056109","0,112898139388206","0,02081362346263","0,112898139388206","2,9767",8,"2,1439",13,"12,9063","6,0747","858,212","403,938","166,5735","36,9017","0,1117"
1128,"vulnerapedia","Cross_domain",15772,32089,"4,0691",1182,1175,125,43,67,"0,000120636293919","0,051232509582723",8,"0,000128997901815",2080,30009,"0,00099389357565","0,074503836154968","0,007925940016486","0,074947688795891","2,9517",15,"2,1242",5,"20,9621","7,1587","1030,31","351,858","439,4114","51,2475","0,0747"
486,"museums-in-italy","Cross_domain",33526,49905,"2,9771",3195,3195,11,26,27,"4,17E-05",0,2,"4,44E-05",3083,46822,"0,007003181485002","0,095302013422819","0,000328113348248","0,095302013422819","1,798",12,"3,1849",3,"30,9063","2,0174","2076,27","135,525","955,1978","4,0697","0,0952"
628,"nobelprizes","Cross_domain",37096,96449,"5,2",5057,5055,56,91,93,"6,08E-05","0,056672438283445",4,"7,01E-05",12845,83604,"0,004270986961396","0,13627173473514","0,001509637417442","0,136325650357191","2,2177",33,"4,8037",2,"48,1721","5,4354","1852,78","209,055","2320,5498","29,5435","0,1362"
504,"lak-dataset","Cross_domain",35177,98583,"5,605",7885,7885,527,49,117,"5,68E-05","0,096416217806316",10,"7,97E-05",28343,70240,"0,012435466278427","0,224158517170798","0,014981805776666","0,224158517170798","3,1798",73,"2,3576",17,"47,872","12,3265","1708,2","439,843","2291,7308","151,9431","0,2241"
185,"colinda","Cross_domain",69036,100396,"2,9085",11668,11668,27,63,65,"2,11E-05",0,2,"2,11E-05",2,100394,"0,002739782388575","0,16901571666546","0,000391105960745","0,16901571666546","2,4091",41,"2,5708",6,"45,2504","3,2055","3111,59","220,425","2047,6009","10,2755","0,169"
834,"sandrart-net","Cross_domain",75124,147968,"3,9393",9564,9564,1027,47,70,"2,62E-05","0,121404628027682",16,"2,62E-05",24,147944,"0,010280793083757","0,127311209616229","0,013670913035954","0,127311209616229","4,0367",10,"2,5541",5,"58,7142","5,5379","2980,95","281,163","3447,362","30,6686","0,1273"
452,"imagesnippets","Cross_domain",307407,1058080,"6,8839",33900,33900,185,292,292,"1,11E-05","9,45E-06",11,"1,12E-05",11479,1046601,"0,009929012039329","0,110277613319194","0,00060180998419","0,110277613319194","2,0524",91,"1,9563",12,"144,2088","8,894","4189,74","258,399","20796,1786","79,1028","0,1103"
306,"educationalprograms_sisvu","Cross_domain",463263,3347709,"14,4527",180933,166715,90468,424,643,"1,11E-05","0,722660183426935",12,"1,56E-05",973723,2373986,"0,021671173766669","0,359871951509081","0,195284741679654","0,390563007542168","2,4199",10,"2,0262",65,"333,8916","156,5503","4620,46","2166,38","111483,6019","24508,0008","0,3905"
594,"muninn-world-war-i","Cross_domain",5601847,20314285,"7,2527",1121051,1121051,763,955,956,"6,14E-07","0,066697548055469",12,"6,47E-07",1051488,19262797,"0,003627844716607","0,200121709879208","0,000136205100961","0,200121709879208","1,9442",232,"1,886",5,"978,9837","4,4412","26996,4","122,471","958409,1582","19,7245","0,2001"
222,"dbkwik","Cross_domain",9771237,26694081,"5,4638",1779550,1779550,5154,1108,1119,"2,68E-07","0,143968395091032",13,"2,80E-07",1092264,25601817,"0,009402503167712","0,182121279232228","0,000527466535452","0,182121279232228","2,0363",334,"1,988",117,"691,7139","7,2409","25319,8","265,05","478468,084","52,4307","0,1821"
394,"dnb-gemeinsame-normdatei","Cross_domain",92238902,153127862,"3,3202",6735673,6735673,614,2308,2309,"1,80E-08","0,003596530329667",10,"1,80E-08",147695,152980167,"0,001887550565205","0,073024211335736","6,66E-06","0,073024211335736","1,9384",156,"1,9942",19,"923,7784","3,6938","55645,2","222,502","853366,4992","13,6442","0,073"
1136,"webisalod","Cross_domain",144306516,422646060,"5,8576",82372936,82372936,259124,4294,5324,"1,63E-08","0,003025962196359",8,"2,03E-08",82295325,340350735,"0,020857932628519","0,570819245409675","0,001795650043936","0,570819245409675","1,9451",173,"1,8703",13,"6976,9875","79,532",238219,"2715,51","48678354,6859","6325,3459","0,5708"
2010,"dbpedia-en","Cross_domain",614448282,2656226986,"8,6459",84020020,84020020,413502,11363,11661,"5,98E-09",0,22,"7,04E-09",396966429,2259260557,"-","0,136740589237648","0,000672964694973","0,136740589237648","1,9726",1887,"2,235",48,"4623,1469","45,9941",106944,"1063,95","21373487,134","2115,4539","0,1367"
632,"norwegian-geo-divisions","Geography",5361,8399,"3,1334",407,407,49,25,25,"0,00027807622608","0,242290748898678",4,"0,000292237515371",407,7992,"0,001369396836538","0,075932835820896","0,009141791044776","0,075932835820896","3,0768",59,"2,6835",25,"8,4078","3,8711","536,66","247,091","70,6906","14,9857","0,0754"
367,"fao-geopolitical-ontology","Geography",15968,47472,"5,9459",1718,1718,230,47,113,"0,000151935258292","0,195020222446916",7,"0,000186181481199",8732,38740,"0,000380487073992","0,107596918644705","0,014404709713785","0,107596918644705","3,008",2,"2,6947",12,"22,1904","15,476","746,412","520,56","492,4155","239,5058","0,0345"
5,"grrp","Geography",73973,153933,"4,1619",4960,4960,8,72,72,"2,74E-05",0,5,"2,81E-05",4034,149899,"0,006381299426817","0,067052398204726","0,000108149029362","0,067052398204726","1,6929",20,"2,2084",3,"55,8701","2,3853","2684,86","114,626","3121,4735","5,6896","0,067"
529,"knoesis-linked-sensor-data","Geography",86580,185950,"4,2954",9757,9757,16,37,37,"2,48E-05",0,2,"2,48E-05",34,185916,"0,003881248185799","0,112694764319292","0,000184802319269","0,112694764319292","1,4312",27,"2,4132",4,"95,6953","3,6372","4455,66","169,353","9157,5908","13,2296","0,1126"
299,"environmental-applications-reference-thesaurus","Geography",65448,251396,"7,6823",14353,14351,966,78,128,"2,77E-05","0,379711689923467",14,"5,87E-05",132745,118651,"0,002965030341306","0,219276666615735","0,014760034837349","0,219307225694073","3,416",26,"2,6813",18,"79,9065","12,4351","2080,27","323,734","6385,0531","154,6321","0,2193"
637,"nuts-geovocab","Geography",193233,316238,"3,2731",2465,2465,180,16,31,"8,47E-06","0,000297244480423",323,"8,47E-06",0,316238,"0,001414435503035","0,012756686263145","0,000931522729155","0,012756686263145","5,4905",10,"7,584",10,"12,0322","1,2894","735,214","78,7866","144,7747","1,6625","0,0127"
6,"grrt","Geography",220854,434712,"3,9366",16800,16800,61,94,95,"8,63E-06",0,5,"8,91E-06",13958,420754,"0,006603966021864","0,07606869727828","0,000276201817499","0,07606869727828","1,6242",53,"1,7073",12,"95,7505","2,8238","4864,57","143,462","9168,1634","7,9738","0,0761"
765,"pleiades","Geography",662416,2408333,"7,2714",94499,94497,347,225,233,"5,35E-06","0,007979378267042",4,"5,49E-06",59421,2348912,"0,003398983591534","0,142655284074183","0,000523840794668","0,142658303329484","5,3957",24,"1,7534",1054,"278,4073","7,6926","7657,64","211,585","77510,6174","59,1756","0,1426"
406,"geographic-names-information-system-gnis","Geography",11018166,34816094,"6,3198",2205174,2205174,95122,1624,1726,"2,19E-07","8,62E-08",2,"2,87E-07",8220006,26596088,"0,000920766863139","0,200139859949456","0,008633197996218","0,200139859949456","1,7693",21,"2,0053",205,"766,4514","58,3326","24255,7","1846,04","587447,7663","3402,6979","0,0905"
995,"getty-tgn","Geography",47541174,292040801,"12,2858",10636339,10636323,52347,2317,2398,"9,15E-08","0,153823040637394",6,"1,29E-07",85281956,206758845,"0,005252435858301","0,223728661469922","0,00110108768246","0,223728998020305","1,9279",157,"1,9239",137,"3782,1253","29,0447",61569,"472,818","14304471,864","843,5962","0,2237"
1901,"getty-tgn","Geography",47517763,340880391,"14,3475",18151890,18151890,8121,2400,2414,"8,15E-08","0,077138485211371",1,"1,51E-07",156944470,183935921,"0,005173226014546","0,382002207932268","0,000170904513559","0,382002207932268","2,1247",217,"2,12",217,"5100,5936","9,8587","71100,8","137,428","26016054,6387","97,1944","0,382"
465,"eu-institutions","Government",528,643,"2,4356",49,49,17,7,12,"0,00230644513315",0,7,"0,00230644513315",0,643,"0,001435810875267","0,092979127134725","0,032258064516129","0,092979127134725","3,8582",1,"10,5023",1,"2,5045","3,5489","205,659","291,417","6,2726","12,5946","0,0887"
220,"datos-bcn-cl","Government",800,1198,"2,995",95,95,17,9,14,"0,001821875","0,003338898163606",10,"0,001871875",32,1166,"0,004624609005324","0,118898623279099","0,021276595744681","0,118898623279099","4,5545",7,"2,8805",2,"4,7231","2,8879","315,398","192,848","22,3075","8,34","0,108"
139,"business-data-gov-uk","Government",3684,8606,"4,6721",373,373,117,23,37,"0,000549887944582",0,2,"0,000634106344777",1143,7463,"0,002066442609431","0,10127613358675","0,031767580776541","0,10127613358675","2,7773",23,"2,7248",4,"12,1806","7,3118","521,421","312,999","148,3681","53,4625","0,1002"
744,"patents-data-gov-uk","Government",8119,11627,"2,8641",890,890,15,13,15,"0,000169664927394",0,9,"0,000176385381868",443,11184,"0,004348744450845","0,109632914510963","0,001847745750185","0,109632914510963","9,3109",11,"3,0589",3,"14,4879","2,9837","1011,67","208,35","209,8995","8,9026","0,1093"
197,"courts-thesaurus","Government",9138,26115,"5,7157",2900,2900,730,31,40,"0,000277522817013","0,219490714148957",6,"0,000312743089941",2941,23174,"0,002908858147515","0,317390828499508","0,079894932691255","0,317390828499508","1,6893",25,"4,5552",3,"46,6662","11,0426","1632,91","386,396","2177,7302","121,9392","0,164"
1014,"transparency-linked-data","Government",9192,38513,"8,3797",3928,3928,26,59,59,"0,000455707123385",0,2,"0,000455813641256",9,38504,"0,006372401697715","0,427374605592427","0,002828854314003","0,427374605592427","1,8706",32,"6,2184",1,"63,2505","5,4613","1509,62","130,347","4000,632","29,8263","0,4266"
812,"research-data-gov-uk","Government",18979,43102,"4,5421",2519,2519,26,51,51,"0,000114832647678",0,14,"0,000119660488364",1739,41363,"0,003334241134938","0,132732637791127","0,001370007376963","0,132732637791127","1,8756",38,"2,0782",6,"34,9815","4,1645","1540,33","183,374","1223,704","17,3431","0,1325"
513,"clean-energy-data-reegle","Government",26444,57712,"4,3648",1851,1850,243,98,107,"7,91E-05",0,4,"8,25E-05",2392,55320,"0,010969670456758","0,069961804636388","0,009189577581969","0,069999621828083","2,7456",51,"2,6365",94,"21,2707","8,5636","974,637","392,391","452,443","73,3359","0,0698"
603,"data-incubator-nasa","Government",53554,99452,"3,7141",6692,6692,22,68,68,"3,45E-05","0,146291678397619",10,"3,47E-05",451,99001,"0,002633913237633","0,124960319683304","0,000410807984613","0,124960319683304","1,815",23,"1,7563",9,"43,3108","3,681","2332,25","198,218","1875,8296","13,5497","0,1249"
807,"renewable_energy_generators","Government",39461,99917,"5,0641",5543,5539,43,49,52,"6,32E-05","0,098401673388913",3,"6,42E-05",1519,98398,"0,008613080266596","0,140369994931576","0,001089711099848","0,140471363405981","1,6189",23,"2,0559",5,"65,9269","3,837","2603,7","151,538","4346,3627","14,7226","0,1404"
429,"hellenic-police","Government",22802,135369,"11,8734",11074,11070,837,80,94,"0,000225806797316",0,6,"0,000260359445555",17965,117404,"0,005682619798749","0,485505021709574","0,036708916275602","0,485680452611728","14,9374",13,"16,1033",1,"170,685","21,9897","2875,07","370,401","29133,3702","483,5459","0,4853"
320,"english-index-of-multiple-deprivation-score-2010","Government",103565,194892,"3,7637",32482,32482,6,20,20,"1,82E-05",0,4,"1,82E-05",0,194892,"0,006666272389319","0,313641806032984","5,79E-05","0,313641806032984","34,0417",6,"9,7579",1,"174,8218","2,7838","9289,98","147,932","30562,6655","7,7497","0,3136"
666,"odc-lsoa","Government",231936,273128,"2,3552",34378,34378,8,103,103,"5,08E-06",0,4,"5,08E-06",0,273128,"0,002381545601867","0,148222562355832","3,45E-05","0,148222562355832","41,3094",8,"6,7439",2,"71,5113","2,8243","6072,62","239,838","5113,8618","7,9768","0,1482"
876,"statistics-data-gov-uk","Government",84806,343733,"8,1063",33394,16696,16698,123,171,"2,96E-05","0,652206800045384",7,"4,78E-05",131185,212548,"0,006336026289078","0,196875184246212","0,196898767761335","0,393773952007547","2,3928",447,"2,3097",227,"73,5575","63,2609","1814,81","1560,78","5410,7032","4001,939","0,1969"
736,"oecd-linked-data","Government",200368,850090,"8,4853",106268,106257,13,168,168,"2,12E-05","2,35E-06",3,"2,12E-05",2,850088,"0,008495444179739","0,530311877704412","6,49E-05","0,530366776964271","119,7272",8,"5,3734",2,"434,9888","3,9926","10252,8","94,1073","189215,2932","15,9412","0,5303"
531,"linked-taiwan-geo-names","Government",559676,1365689,"4,8803",86991,86990,672,235,241,"3,86E-06",0,2,"4,36E-06",155088,1210601,"0,010639511832858","0,155429490329209","0,001200696832983","0,155431277080448","1,9801",40,"1,7161",488,"222,6879","4,5648","9126,02","187,072","49589,8947","20,8375","0,1554"
844,"semantic-xbrl","Government",240850,1466193,"12,1752",175814,64419,175804,381,624,"4,06E-06",0,11,"2,53E-05",1230545,235648,"0,000183060923507","0,267466337829927","0,729934523290526","0,729976043080935","1,8172",7,"1,9499",17,"219,2292","413,6351","3601,26","6794,74","48061,4387","171093,9745","0,0944"
609,"japan-radioactivity-stat","Government",432055,1648890,"7,6328",405660,405660,27,153,153,"8,82E-06",0,7,"8,83E-06",2028,1646862,"0,029885700315868","0,938910413976031","6,25E-05","0,938910413976031","18,6041",4,"3,313",9761,"631,1763","0,8375","16538,6","21,9459","398383,5079","0,7015","0,9376"
138,"bfs-linked-data","Government",183038,1709823,"18,6827",133988,133988,11046,237,270,"4,17E-05","0,39641237718758",6,"5,10E-05",313142,1396681,"0,011433420425719","0,732026857957681","0,060348454137688","0,732026857957681","1,745",147,"1,646",83,"482,6055","47,5543","5166,33","509,072","232908,0655","2261,407","0,6578"
484,"istat-immigration","Government",435756,1711461,"7,8551",432047,432047,205,333,335,"9,01E-06","0,000862421054292",3,"9,01E-06",591,1710870,"0,032578761967418","0,991490631203314","0,000470447843398","0,991490631203314","38,2761",4,"2,5339",1617,"705,3364","0,7779","17958,6","19,8067","497499,4631","0,6052","0,9915"
1020,"sec-rdfabout","Government",866599,1814615,"4,1879",117410,117410,130,275,275,"2,41E-06","0,000265621082158",10,"2,42E-06",1482,1813133,"0,004524284291329","0,135483811409673","0,000150011885557","0,135483811409673","2,3664",82,"2,3477",84,"190,0721","2,3074","9077,2","110,193","36127,4012","5,324","0,1355"
56,"asn-us","Government",809832,3244898,"8,0138",262348,262348,235,342,352,"4,94E-06","0,003163119457068",5,"4,95E-06",3729,3241169,"0,003940346141452","0,323954010157675","0,000290184001353","0,323954010157675","3,8902",16,"27,0166",1,"640,523","6,559","15985,6","163,694","410269,6982","43,0207","0,3239"
187,"rkb-explorer-cordis","Government",1080261,3548975,"6,5706",303207,303207,5820,336,607,"2,05E-06",0,7,"3,04E-06",1154743,2394232,"0,009641312385954","0,280679651195083","0,00538759187603","0,280679651195083","2,2551",25,"2,006",33,"426,2253","27,5432","12973,7","838,378","181667,9755","758,6269","0,2151"
428,"hellenic-fire-brigade","Government",765293,4165847,"10,8869",712803,712803,3672,357,431,"4,07E-06","0,000137787105479",6,"7,11E-06",1781511,2384336,"0,006521029822067","0,931413107676547","0,004798168542204","0,931413107676547","1,9199",357,"1,7368",146,"1178,1731","15,5707","21643,8","286,043","1388091,7804","242,4458","0,1359"
305,"education-data-gov-uk","Government",1226221,8169284,"13,3243",2515453,2515453,3705,507,528,"3,09E-06","0,02154717598262",14,"5,43E-06",3521041,4648243,"0,006254104728663","2,05138800541502","0,003021480647845","2,05138800541502","1,8266",957,"1,8377",172,"2289,6165","17,355","34367,5","260,501","5242343,6349","301,197","0,1035"
1030,"uis-linked-data","Government",2293088,10316980,"8,9983",1437533,1437533,25,864,864,"1,96E-06","9,69E-07",3,"1,96E-06",58,10316922,"0,011166337453809","0,626898586926706","1,09E-05","0,626898586926706","1,5561",13,"1,5555",13,"1374,8033","3,484","30556,9","77,4374","1890084,0392","12,1385","0,6269"
785,"public-spending-in-greece","Government",3721175,11338759,"6,0942",474665,474665,36,904,904,"8,05E-07","8,82E-08",3,"8,19E-07",187543,11151216,"0,002153823369068","0,127557862115558","9,67E-06","0,127557862115558","1,9475",1340,"2,1358",4,"567,4679","5,6651","18623,3","185,919","322019,8","32,0936","0,1276"
419,"government-web-integration-for-linked-data","Government",9664633,40452735,"8,3713",31444774,31444774,5765533,449,484,"7,76E-08",0,6,"4,33E-07",33207460,7245275,"0,012137064852767","3,25359248029309","0,596560013873265","3,25359248029309","2,3015",19,"2,2473",61,"10121,2896","3116,2371",241809,"74450,6","102440502,5577","9710933,9552","3,2536"
1015,"transport-data-gov-uk","Government",6258623,43069665,"13,7633",6097741,6097741,648,1699,1699,"1,10E-06","0,285534424286792",7,"1,10E-06",3,43069662,"0,023495378692597","0,974294501249636","0,000103537168405","0,974294501249636","41,786",7,"26,9921",1,"2988,6802","19,3474","43429,7","281,145","8932209,1837","374,3224","0,9743"
475,"imf-linked-data","Government",5322349,44381726,"16,6775",3997078,3997078,520,1162,1162,"1,57E-06","4,64E-06",3,"1,57E-06",2232,44379494,"0,008682373509695","0,750998995180323","9,77E-05","0,750998995180323","91,3943",12,"2,8566",3,"3101,2932","4,8798","37191,4","58,5195","9618019,2229","23,8124","0,751"
380,"fao-linked-data","Government",7341215,52719297,"14,3626",7206590,7206590,11566,1475,1479,"9,76E-07","0,001356581063666",3,"9,78E-07",140761,52578536,"0,01715326544803","0,981661888619512","0,001575488740691","0,981661888619512","49,0069",8,"1,5205",14,"3800,4342","4,6378","52921,4","64,5823","14443299,731","21,5095","0,9817"
69,"bis-linked-data","Government",4281183,54160239,"25,3015",3606454,3606454,22683,989,989,"2,95E-06","2,22E-07",4,"2,95E-06",72,54160167,"0,008149242375705","0,842396796025023","0,005298303132172","0,842396796025023","26,494",15,"1,9955",6,"4262,3642","17,2185","33692,5","136,107","18167748,3463","296,4777","0,8424"
417,"govagribus-denmark","Government",17968714,64915314,"7,2254",940175,940175,55966,1722,1765,"1,96E-07","0,020345276308761",9,"2,01E-07",1665618,63249696,"0,000812698976731","0,052322890348352","0,003114635978659","0,052322890348352","1,89",3729,"1,9117",7,"670,7599","27,0447","18566,8","748,604","449918,8623","731,4153","0,0523"
370,"frb-linked-data","Government",11924186,149471155,"25,0702",10934531,10934531,154,2015,2015,"9,51E-07","6,69E-07",3,"1,05E-06",14317160,135153995,"0,007701788617638","0,917004474519642","1,29E-05","0,917004474519642","1,7651",46459,"1,7651",46459,"6849,5423","9,2329","54642,8","73,6561","46916230,3501","85,2461","0,917"
1146,"world-bank-linked-data","Government",37849420,173361917,"9,1606",21558904,21558904,14583,3435,3435,"1,19E-07","0,000252304547371",7,"1,21E-07",2890468,170471449,"0,009440221986767","0,56959669579076","0,000385289930078","0,56959669579076","1,6447",46,"1,5641",32,"4244,4244","5,1005","92666,8","111,357","18015138,6863","26,0148","0,5695"
344,"ecb-linked-data","Government",31514806,471856710,"29,9451",25791139,25791139,153156,3359,3558,"4,74E-07","8,90E-07",7,"4,75E-07",867140,470989570,"0,006471064194217","0,818381678071624","0,004859811126866","0,818381678071624","1,6113",5363,"2,6888",3,"9261,1447","41,8495","61854,2","279,509","85768800,8206","1751,3837","0,8184"
63,"abs-linked-data","Government",131634287,1489689235,"22,6338",128780026,128780026,9990,8128,8130,"8,60E-08","2,69E-06",3,"8,60E-08",50294,1489638941,"0,010873052415733","0,978316743405286","7,59E-05","0,978316743405286","2,1614",199050,"2,1614",199050,"13531,2419","2,5089",119567,"22,1691","183094507,7829","6,2944","0,9783"
95,"bio2rdf-gendr","Life_sciences",6730,15697,"4,6648",1630,1630,504,32,48,"0,000256221173738",0,3,"0,000346566459644",4092,11605,"0,002416103814831","0,242235101798187","0,074899687917967","0,242235101798187","2,0665",32,"1,971",8,"25,8475","10,522","1108,2","451,123","668,095","110,7117","0,1649"
102,"bio2rdf-lsr","Life_sciences",31334,56411,"3,6006",2614,2614,51,40,42,"5,41E-05","0,077059438761944",5,"5,75E-05",3323,53088,"0,00531046633857","0,083426419429994","0,00162767689018","0,083426419429994","6,0939",21,"8,0369",2,"33,9407","5,6568","1885,27","314,212","1151,9709","31,9994","0,0833"
94,"bio2rdf-genage","Life_sciences",42010,87832,"4,1815",8793,8793,5775,53,66,"4,14E-05",0,2,"4,98E-05",14851,72981,"0,002633582783153","0,209312290223524","0,137470542026709","0,209312290223524","2,1479",22,"3,4123",2,"55,3274","39,7269","2646,31","1900,14","3061,119","1578,2289","0,166"
89,"bio2rdf-bioportal","Life_sciences",34754,114599,"6,5949",14909,12966,1943,67,110,"6,34E-05","0,167278946587667",12,"9,49E-05",37966,76633,"0,062832626287135","0,373090092941617","0,055908842402095","0,428998935343711","2,8767",44,"2,6244",14,"74,2617","13,3272","2252,11","404,169","5514,8071","177,6144","0,2097"
980,"taxonconcept","Life_sciences",138311,380295,"5,4991",81987,41997,39990,86,98,"1,93E-05","0,526756859806203",2,"1,99E-05",10305,369990,"0,043636421023576","0,303643988142578","0,289133106789097","0,592777094931675","2,1658",2,"3,4916",5,"128,9202","115,7876","4688,75","4211,12","16620,421","13406,7634","0,5864"
108,"bio2rdf-orphanet","Life_sciences",197237,597858,"6,0623",40384,40384,10060,139,207,"9,71E-06",0,2,"1,54E-05",220077,377781,"0,002041387281112","0,204749640025148","0,051004887545884","0,204749640025148","2,9007",45,"2,2008",33,"160,8271","29,9","5305,78","986,42","25865,3574","894,011","0,1462"
271,"fu-berlin-drugbank","Life_sciences",290304,766920,"5,2836",10154,10153,3767,191,331,"5,95E-06",0,6,"9,10E-06",265435,501485,"0,000887338789682","0,034973803233174","0,012976097387902","0,034977247909942","2,5101",63,"2,188",19,"51,2952","28,1316","1941,69","1064,87","2631,1924","791,3879","0,0348"
735,"organic-edunet","Life_sciences",419263,1243681,"5,9327",58301,58301,11097,216,218,"6,15E-06",0,2,"7,08E-06",162576,1081105,"0,005356899064858","0,139056246452099","0,026467936517023","0,139056246452099","1,7099",141,"1,992",13,"149,5852","25,0762","5042,73","845,356","22375,7289","628,8166","0,1324"
409,"geospecies","Life_sciences",451580,2203699,"9,7599",58889,58845,20359,230,266,"9,93E-06","0,433477530279771",6,"1,08E-05",177935,2025764,"0,00311029943684","0,130309425371862","0,045084027379484","0,130406861257942","2,3279",1,"1,6296",89,"228,1498","78,3301","4675,23","1605,13","52052,3299","6135,6052","0,1304"
88,"bio2rdf-biomodels","Life_sciences",1143113,2650176,"4,6368",389427,389421,952,201,234,"1,72E-06","0,007967395372987",2,"2,03E-06",399029,2251147,"0,004121962887313","0,340667406168424","0,000832814282415","0,340672654997935","2,2457",58,"2,2452",28,"447,088","6,2643","19284,5","270,2","199887,7051","39,2411","0,1643"
97,"bio2rdf-hgnc","Life_sciences",2068863,3816657,"3,6896",372114,372114,41798,156,156,"8,44E-07","0,021898221401609",3,"8,92E-07",205376,3611281,"0,003042361573286","0,17986409920043","0,020203377508988","0,17986409920043","6,688",36,"2,1124",18,"297,1763","41,4205","16108,8","2245,25","88313,7509","1715,6588","0,1799"
99,"bio2rdf-interpro","Life_sciences",926978,4130140,"8,911",421746,421721,17382,315,512,"2,70E-06","0,006131753403032",2,"4,81E-06",1808516,2321624,"0,003485330724004","0,454942247758035","0,018751274303462","0,454969217143467","2,7476",67,"1,8142",312,"578,3867","28,4262","12981,4","638,005","334531,122","808,0511","0,1905"
93,"bio2rdf-drugbank","Life_sciences",1846363,4211128,"4,5615",316636,316636,14860,302,418,"1,07E-06","2,37E-07",4,"1,24E-06",577309,3633819,"0,002373618078965","0,171491830962726","0,008048259225439","0,171491830962726","1,8135",353,"2,0518",5,"408,8057","35,7387",17924,"1566,96","167122,1407","1277,2519","0,1714"
111,"bio2rdf-sabiork","Life_sciences",566951,4235043,"14,9397",765277,765271,37260,448,582,"7,81E-06","0,04299791052889",3,"1,32E-05",1724359,2510684,"0,036901305225859","1,3498033336273","0,065720081135903","1,34981391657113","2,0364",45,"2,0059",19,"1117,292","140,0385","14957,3","1874,71","1248341,4972","19610,7836","0,7905"
106,"bio2rdf-ndc","Life_sciences",2856587,7033740,"4,9246",488138,488136,167681,379,401,"7,46E-07",0,4,"8,62E-07",945365,6088375,"0,002226541525515","0,170880904688324","0,058699790589186","0,17088160482478","2,3021",64,"1,9914",24,"560,5616","147,3546","22765,9","5984,46","314229,2766","21713,3653","0,1709"
103,"bio2rdf-mesh","Life_sciences",3221886,8203382,"5,0923",604157,604148,221884,504,505,"6,99E-07",0,2,"7,90E-07",945927,7257455,"0,000659115727386","0,187513831188885","0,068867759091339","0,187516624584676","1,7676",152,"1,7811",126,"530,0104","136,0254","20816,2","5342,41","280910,9842","18502,9213","0,0948"
348,"eunis","Life_sciences",3545051,8710245,"4,914",365020,365020,718,683,693,"6,37E-07","0,051020034453681",8,"6,93E-07",706612,8003633,"0,000742333763137","0,10296610767126","0,000202535930382","0,10296610767126","2,3179",57,"1,9711",10,"340,4185","8,4179",13855,"342,606","115884,7284","70,8607","0,0806"
98,"bio2rdf-homologene","Life_sciences",4329723,9294211,"4,2932",1145187,1145187,148449,118,202,"3,84E-07",0,3,"4,96E-07",2104479,7189732,"0,003798020340748","0,264494348597901","0,034286034992547","0,264494348597901","4,6015",55,"80,1514",1,"670,7342","227,0758","31246,3","10578,4","449884,3788","51563,4123","0,2009"
107,"bio2rdf-omim","Life_sciences",5065105,9474393,"3,741",1067148,1067148,44023,262,425,"3,38E-07","0,007650622050405",2,"3,69E-07",797383,8677010,"0,003797237014472","0,210686295878624","0,008691430620181","0,210686295878624","3,0573",74,"2,1789",18,"609,3898","27,8154","32578,6","1487,04","371355,8697","773,6977","0,2001"
92,"bio2rdf-dbsnp","Life_sciences",3106287,9530654,"6,1364",530523,530523,63817,551,576,"9,09E-07",0,3,"9,88E-07",755227,8775427,"0,002090021536714","0,170790133297449","0,020544470148596","0,170790133297449","2,1488",121,"1,9746",46,"579,7089","38,7089","18894,2","1261,62","336062,4209","1498,3803","0,1708"
112,"bio2rdf-sgd","Life_sciences",5498539,14615838,"5,3163",1047254,1047254,206692,634,678,"4,12E-07",0,5,"4,83E-07",2149319,12466519,"0,00241619121954","0,190460446031291","0,037590355836406","0,190460446031291","1,8566",289,"1,9881",33,"798,5494","134,4053","30041,8","5056,38","637681,1757","18064,7715","0,1741"
104,"bio2rdf-mgi","Life_sciences",4904839,21234459,"8,6586",2647439,2647439,175781,394,1290,"3,41E-07",0,3,"8,83E-07",13028227,8206232,"0,003405377308412","0,539760742352755","0,035838288644803","0,539760742352755","3,2949",938,"3,4454",131,"1633,7208","94,6822","37736,5","2187,02","2669043,6683","8964,7178","0,1884"
113,"bio2rdf-sider","Life_sciences",6543182,23928262,"7,314",1269068,1269068,567585,1003,1124,"3,86E-07",0,3,"5,59E-07",7403562,16524700,"0,002012947548226","0,193952757840567","0,086744505463016","0,193952757840567","2,0635",138,"1,8564",116,"1094,3541","272,9596","29925,1","7464,08","1197610,8575","74506,9296","0,1868"
90,"bio2rdf-clinicaltrials","Life_sciences",9249237,24003170,"5,1903",1687625,1687625,483257,719,779,"2,40E-07",0,4,"2,81E-07",3485730,20517440,"0,00194724598201","0,182461016239612","0,052248315428431","0,182461016239612","2,1268",91,"1,904",13,"1107,745","245,4575","42685,2","9458,31","1227099,0747","60249,3673","0,1688"
114,"bio2rdf-taxonomy","Life_sciences",7494432,30499675,"8,1393",3334289,3334289,132408,493,503,"3,37E-07","3,28E-08",2,"5,43E-07",11595597,18904078,"0,00220638953229","0,444902221396127","0,017667518721568","0,444902221396127","1,7695",218,"1,9412",17,"2086,5602","50,8005","51271,3","1248,28","4353733,5092","2580,6874","0,153"
115,"bio2rdf-wormbase","Life_sciences",10537483,32994662,"6,2623",3156345,3156345,802491,656,885,"1,98E-07","0,000128354095581",10,"2,97E-07",11018553,21976109,"0,002421552748016","0,299535031234217","0,076155859625668","0,299535031234217","1,7399",401,"2,4359",62,"1427,4419","559,0701","45588,1",17855,"2037590,4573","312559,3346","0,1746"
534,"linkedct","Life_sciences",16179834,49084152,"6,0673",1237874,1237874,149022,1112,1392,"1,81E-07",0,7,"1,87E-07",1717133,47367019,"0,0034121181095","0,076507217348906","0,009210354643339","0,076507217348906","2,3434",160,"2,3355",172,"541,9502","50,752","17864,6","1672,96","293710,0401","2575,762","0,0669"
96,"bio2rdf-goa","Life_sciences",31558670,146042390,"9,2553",12869536,10703607,11260844,1682,2068,"8,96E-08","0,067545101117559",4,"1,47E-07",56767488,89274902,"0,002058111513175","0,339165349463883","0,356822526323908","0,407797172941609","2,4001",80,"2,2622",14,"3162,3118","2386,5283","68335,2","51571,1","10000216,0068","5695517,4691","0,4078"
109,"bio2rdf-pharmgkb","Life_sciences",205835474,462661689,"4,4955",50082768,50082768,24784825,3867,4028,"7,98E-09","-","NULL","1,09E-08",124489267,338172422,"-","0,243314562208624","0,120410853575273","0,243314562208624","125,2602",12,"239,3816",1,"5274,0939","1779,8443",234641,"79184,2","27816066,7093","3167845,6767","0,2433"
101,"bio2rdf-irefindex","Life_sciences",15147065,480895797,"63,4969",66421926,66421926,8687479,3544,7901,"2,06E-07","0,003309126446784",19,"2,10E-06",433556085,47339712,"0,003642542987081","4,38513536352656","0,573542106905998","4,38513536352656","2,6273",5992,"2,6885",1184,"20044,6425","2621,7773","63135,8","8257,97","401787691,1167","6873716,1146","4,3851"
91,"bio2rdf-ctd","Life_sciences",117546028,642806287,"10,9371",55677008,55677008,15014982,6839,11324,"2,37E-08",0,3,"4,65E-08",315442912,327363375,"-","0,473661334380957","0,127737043804977","0,473661334380957","2,8791",20756,"53,5808",1,"7514,4414","1480,1817",137412,"27067,2","56466829,7476","2190937,9227","0,4737"
100,"bio2rdf-iproclass","Life_sciences",356837444,722889087,"4,0516",82586970,82586970,5962593,4103,4378,"5,03E-09",0,3,"5,68E-09",81956403,640932684,"0,003651223412994","0,23144143536529","0,016709549731865","0,23144143536529","1,9623",11216,"1,7539",102,"4941,8073","353,4943",243941,"17449,4","24421459,2528","124958,2083","0,2314"
480,"isocat","Linguistics",1389,808,"1,1634",111,111,1,6,6,"0,000418800189289",0,2,"0,000418800189289",0,808,"0,010296976241901","0,079971181556196","0,000720461095101","0,079971181556196","39,9001",1,"17,2714",1,"3,3814","0,4933","581,289","84,7974","11,4341","0,2433","0,0792"
1096,"universal-dependencies-treebank-ukrainian","Linguistics",451,1535,"6,8071",154,154,11,16,17,"0,006779711014203","0,031270358306189",24,"0,007546668895433",156,1379,"0,007283323170356","0,342222222222222","0,024444444444444","0,342222222222222","5,0146",10,"2,4874",4,"9,065","4,5524","266,34","133,754","82,1742","20,7241","0,3301"
1085,"universal-dependencies-treebank-sanskrit","Linguistics",936,2418,"5,1667",253,253,10,17,17,"0,002600171670684","0,009098428453267",39,"0,002759971509972",140,2278,"0,005533730828251","0,270588235294118","0,010695187165775","0,270588235294118","5,546",10,"3,3315",2,"9,8699","4,1463","382,059","160,502","97,414","17,1918","0,266"
499,"kore-50-nif-ner-corpus","Linguistics",1201,3201,"5,3306",389,389,21,10,12,"0,002216443277563","0,000937207122774",4,"0,002219216431492",4,3197,"0,006027870995401","0,324166666666667","0,0175","0,324166666666667","7,4735",8,"3,1217",3,"19,0359","3,8573","714,218","144,724","362,3659","14,8788","0,3203"
1042,"universal-dependencies-treebank-coptic","Linguistics",759,3856,"10,1607",427,427,9,26,26,"0,005893268481342","0,017634854771784",13,"0,006693503170561",461,3395,"0,009971812477301","0,563324538258575","0,011873350923483","0,563324538258575","3,9574",11,"2,3964",8,"17,8933","4,4176","352,204","86,9545","320,1688","19,5153","0,553"
1070,"universal-dependencies-treebank-kazakh","Linguistics",1733,6443,"7,4357",668,668,11,32,32,"0,001969174461732","0,036318485177712",59,"0,002145314686665",529,5914,"0,006429739371399","0,38568129330254","0,00635103926097","0,38568129330254","4,9151",10,"2,2836",3,"19,4217","4,634","522,395","124,644","377,2043","21,4743","0,3822"
818,"reuters-128-nif-ner-corpus","Linguistics",3414,7007,"4,1049",1009,1008,129,17,23,"0,00060100918064","0,000428143285286",2,"0,000601180774982",2,7005,"0,007632011122975","0,295341341927923","0,037796659830062","0,295634339290946","3,0528",10,"2,9102",5,"21,0255","3,8011","1024,42","185,202","442,0731","14,4486","0,2946"
1097,"universal-dependencies-treebank-uyghur","Linguistics",2483,9492,"7,6456",1047,1047,9,36,36,"0,001484277541572","0,053518752633797",99,"0,001539587195345",341,9151,"0,007364312227131","0,421837228041902","0,003626107977438","0,421837228041902","5,8515",10,"3,0714",2,"26,5189","4,3372","693,703","113,456","703,2501","18,8111","0,4192"
824,"rss-500-nif-ner-corpus","Linguistics",4049,10078,"4,978",1501,1500,501,19,19,"0,000614600069865","0,000297678110736",2,"0,000614722062733",2,10076,"0,012746911232135","0,370553359683794","0,123764822134387","0,370800395256917","2,802",10,"2,6287",7,"29,2729","8,4251","1176,09","338,492","856,9044","70,9824","0,3698"
621,"news-100-nif-ner-corpus","Linguistics",4572,12329,"5,3933",1756,1755,101,30,34,"0,00058971877203","0,000243328737124",2,"0,000589814451234",2,12327,"0,008909170322614","0,38394224458543","0,022095821483264","0,384161015095165","2,5506",19,"2,4721",14,"34,8058","3,6884","1290,71","136,777","1211,4419","13,6042","0,3831"
404,"geodomainwn","Linguistics",9596,20557,"4,2845",1313,1313,634,14,23,"0,00021507719713","0,053752979520358",9,"0,000223243723373",752,19805,"0,009912043541272","0,136842105263158","0,06607608129234","0,136842105263158","2,2307",7,"6,9417",3,"30,7691","9,3418","1436,3","436,077","946,7346","87,27","0,1364"
583,"mlsa","Linguistics",6593,20898,"6,3395",2372,2372,27,27,30,"0,000468348311177",0,2,"0,000480771343304",540,20358,"0,006556632341791","0,359830097087379","0,004095873786408","0,359830097087379","4,6873",10,"2,9321",2,"55,6203","4,5669","1754,74","144,077","3093,6195","20,8562","0,359"
1094,"universal-dependencies-treebank-tamil","Linguistics",5114,22056,"8,6257",2183,2183,11,61,61,"0,000785378470597","0,02221617700399",119,"0,000843345060734",1516,20540,"0,006907004133294","0,426950909446509","0,002151378838255","0,426950909446509","2,5636",129,"2,4357",3,"34,9352","5,1031","810,024","118,323","1220,4715","26,0417","0,4255"
1068,"universal-dependencies-treebank-japanese","Linguistics",5450,22372,"8,2099",2760,2760,8,43,43,"0,000695126672839","0,030663329161452",298,"0,000753202592374",1725,20647,"0,010125103082426","0,506514956872821","0,001468159295284","0,506514956872821","8,1803",9,"4,0222",2,"50,0839","3,8652","1220,08","94,1595","2508,3923","14,9398","0,5053"
1058,"universal-dependencies-treebank-galician-treegal","Linguistics",4345,25241,"11,6184",2574,2574,10,66,66,"0,00120170400749","0,020205221663167",99,"0,001336986417466",2554,22687,"0,009365918810504","0,592541436464088","0,002302025782689","0,592541436464088","2,4008",73,"2,3478",3,"46,2784","4,7515","796,639","81,7929","2141,6904","22,5769","0,5904"
850,"sentiws","Linguistics",15026,30339,"4,0382",3462,3462,11,10,12,"0,000134373767222","0,175088170341804",5,"0,000134373767222",0,30339,"0,006608611383591","0,230415973377704","0,000732113144759","0,230415973377704","37,2683",10,"63,3276",1,"49,1714","3,3307","2435,31","164,96","2417,8275","11,0937","0,2302"
1088,"universal-dependencies-treebank-slovenian-sst","Linguistics",6046,31707,"10,4886",2951,2951,11,68,68,"0,000792660394249","0,021572523417542",357,"0,000867398899757",2732,28975,"0,007331980820228","0,488172043010753","0,001819685690653","0,488172043010753","2,0394",21,"2,1753",4,"44,1671","5,1739","842,193","98,6581","1950,7291","26,7695","0,4867"
1064,"universal-dependencies-treebank-hungarian","Linguistics",7697,37181,"9,6612",4235,4235,9,67,67,"0,000556699519438","0,02495898442753",187,"0,000627593003009",4200,32981,"0,009931608434675","0,550285862785863","0,001169438669439","0,550285862785863","5,928",10,"2,4816",3,"55,1588","4,2997","1141,87","89,0104","3042,4886","18,4876","0,5493"
1066,"universal-dependencies-treebank-irish","Linguistics",6338,37208,"11,7412",3821,3821,10,77,77,"0,000831436323862","0,033272414534509",149,"0,000926257754372",3809,33399,"0,009597648448754","0,602966703487455","0,001578033769923","0,602966703487455","2,439",101,"2,6064",2,"56,8158","4,6984","967,799","80,0321","3228,0347","22,0748","0,6015"
1049,"universal-dependencies-treebank-dutch-lassysmall","Linguistics",7308,39064,"10,6907",4562,4562,9,69,69,"0,000647089108246","0,024779848453819",349,"0,000731441561519",4505,34559,"0,011637569943945","0,624332831531408","0,001231695634323","0,624332831531408","5,8746",9,"2,4814",3,"61,0921","4,0014","1142,9","74,8567","3732,2491","16,011","0,6232"
1074,"universal-dependencies-treebank-latvian","Linguistics",7532,40263,"10,6912",4075,4075,11,74,74,"0,000651548260437","0,023346496783648",222,"0,000709717490733",3300,36963,"0,008474728062393","0,541096799893772","0,001460629398486","0,541096799893772","5,1358",10,"2,4012",3,"55,8285","4,8489","1044,38","90,709","3116,8178","23,5121","0,5399"
1046,"universal-dependencies-treebank-czech-cltt","Linguistics",6519,41517,"12,7372",4111,4111,11,76,76,"0,000897749862633","0,024520076113399",135,"0,000976931249919",3365,38152,"0,009649257287219","0,630714943234121","0,001687634243633","0,630714943234121","2,2617",39,"2,2617",39,"59,3799","4,8349","932,383","75,9175","3525,9732","23,3762","0,6291"
1071,"universal-dependencies-treebank-latin","Linguistics",7675,47094,"12,2721",4832,4832,11,82,82,"0,000781079905357","0,054996390198327",229,"0,000799482222623",1084,46010,"0,009990743095715","0,629658587438103","0,001433411519416","0,629658587438103","5,4229",10,"2,4525",3,"65,4494","4,6114","1066,64","75,1527","4283,619","21,2649","0,6283"
1076,"universal-dependencies-treebank-old-church-slavonic","Linguistics",8814,49577,"11,2496",5079,5079,10,75,75,"0,000604840505562","0,04643282167134",563,"0,000638166717975",2589,46988,"0,009203483532862","0,576307727221151","0,001134687393623","0,576307727221151","5,9193",10,"2,5413",3,"65,6466","4,623","1167,09","82,1892","4309,4734","21,3719","0,5752"
1060,"universal-dependencies-treebank-gothic","Linguistics",8713,49589,"11,3828",5158,5158,10,81,81,"0,000606746616135","0,038234285829519",484,"0,000653205634743",3527,46062,"0,00975864887695","0,592056932966024","0,001147842056933","0,592056932966024","1,7699",18,"2,8887",2,"65,5099","4,5884","1151,04","80,6199","4291,5475","21,0533","0,591"
178,"clld-sails","Linguistics",35798,50950,"2,8465",2839,2839,203,34,110,"3,53E-05","7,85E-05",5,"3,98E-05",5697,45253,"0,001211016517672","0,079308321926418","0,00567086627371","0,079308321926418","5,523",1,"18,7442",1,"22,1739","8,5896","1557,96","603,515","491,682","73,7813","0,0792"
1047,"universal-dependencies-treebank-danish","Linguistics",9155,51377,"11,2238",5884,5884,9,87,87,"0,000548881884625","0,025848142164782",321,"0,000612988100739",5373,46004,"0,011693477815672","0,642779112956085","0,000983176753332","0,642779112956085","3,0735",258,"2,3861",3,"69,5367","4,0815","1239,09","72,7289","4835,3468","16,6584","0,6418"
1098,"universal-dependencies-treebank-vietnamese","Linguistics",7847,53112,"13,5369",5862,5862,9,78,78,"0,000734725123791","0,054225033890646",399,"0,000862552126938",7871,45241,"0,012959650032313","0,7471322967117","0,00114708131532","0,7471322967117","1,7533",20,"2,4372",4,"80,6041","3,7348","1190,88","55,1802","6497,0262","13,9491","0,7459"
1061,"universal-dependencies-treebank-greek","Linguistics",9448,55063,"11,656",5668,5668,10,82,82,"0,000505933453832","0,018052049470606",240,"0,000616850754359",9901,45162,"0,009573088476496","0,599978829257966","0,001058537101725","0,599978829257966","2,2103",146,"2,7725",3,"77,1868","4,6868","1324,41","80,4193","5957,802","21,9665","0,5991"
1043,"universal-dependencies-treebank-croatian","Linguistics",11506,55726,"9,6864",6306,6306,9,86,86,"0,000386031861671","0,031116534472239",296,"0,000420929274908",4620,51106,"0,009817360247646","0,548109517601043","0,000782268578879","0,548109517601043","2,6351",300,"2,6346",3,"66,7088","4,3248","1377,37","89,2953","4450,0606","18,7036","0,5474"
1048,"universal-dependencies-treebank-dutch","Linguistics",8692,58542,"13,4703",5843,5843,11,94,94,"0,000698827216589","0,022547914317926",385,"0,000774868703024",5745,52797,"0,010330251641064","0,672304683005408","0,001265677137268","0,672304683005408","2,8695",254,"2,4615",3,"73,6181","4,5413","1093,04","67,4263","5419,6303","20,6231","0,6711"
1056,"universal-dependencies-treebank-french","Linguistics",10668,61160,"11,4661",7209,7209,9,91,91,"0,000479745290556","0,024689339437541",297,"0,000537404702927",6562,54598,"0,012847245270007","0,675822630542795","0,000843723633636","0,675822630542795","5,7384",9,"2,5909",3,"79,0971","3,939","1379,67","68,7079","6256,3528","15,5161","0,675"
1079,"universal-dependencies-treebank-portuguese","Linguistics",10621,63549,"11,9667",6743,6743,11,95,95,"0,000505630742349","0,022628208154338",287,"0,000563349487106",6511,57038,"0,010917247939913","0,634934086629002","0,001035781544256","0,634934086629002","2,1955",132,"2,5812",3,"76,9063","4,6007","1285,34","76,8911","5914,5742","21,166","0,634"
1072,"universal-dependencies-treebank-latin-ittb","Linguistics",9713,63788,"13,1346",6548,6548,10,88,88,"0,000624332424809","0,030977613344203",499,"0,000676133116818",4887,58901,"0,0107203593549","0,674217462932455","0,001029654036244","0,674217462932455","1,7911",20,"1,8006",9,"77,8473","4,3967","1185,38","66,9483","6060,2078","19,3308","0,6731"
1092,"universal-dependencies-treebank-swedish-lines","Linguistics",11698,64178,"10,9725",8228,8228,8,88,88,"0,000452547135625","0,028015830970114",456,"0,0004689893113",2250,61928,"0,014711007573823","0,703428229460546","0,000683936051979","0,703428229460546","5,9575",9,"2,5764",3,"84,6373","3,4339","1542,72","62,5906","7163,471","11,7914","0,7026"
1052,"universal-dependencies-treebank-english-lines","Linguistics",11565,66341,"11,4727",8481,8481,8,86,86,"0,000478514922236","0,022972219291238",456,"0,000496010350714",2340,64001,"0,015283846303815","0,73339674852992","0,000691802144587","0,73339674852992","6,2171",9,"2,6797",3,"88,7619","3,3236","1547,36","57,9398","7878,6773","11,0465","0,7326"
1051,"universal-dependencies-treebank-english-esl","Linguistics",10269,67636,"13,1729",9591,9591,7,83,83,"0,000615604993424","0,01939795375244",499,"0,000641389148224",2719,64917,"0,022221263916705","0,934067004285158","0,000681729645501","0,934067004285158","4,4599",9,"2,7572",3,"106,249","1,3947","1613,15","21,1761","11288,8527","1,9453","0,933"
1089,"universal-dependencies-treebank-spanish","Linguistics",12749,69082,"10,8372",8128,8128,9,97,97,"0,000381494672711","0,024840045163719",273,"0,000425023222866",7075,62007,"0,012077354510502","0,637590210229055","0,000705993096956","0,637590210229055","5,8426",9,"2,7693",3,"81,6799","4,0661","1507,39","75,0386","6671,6085","16,5328","0,6369"
1078,"universal-dependencies-treebank-polish","Linguistics",14018,70610,"10,0742",7185,7185,10,95,95,"0,000333417599503","0,037898314686305",726,"0,000359330515292",5092,65518,"0,008078377058113","0,512591852750232","0,000713419419277","0,512591852750232","6,4842",11,"2,5464",3,"71,8083","4,7496","1425,59","94,2923","5156,4385","22,5586","0,512"
36,"apertium-rdf-es-an","Linguistics",26507,72004,"5,4328",6220,6220,3116,10,13,"9,36E-05",0,2,"0,000102479138794",6221,65783,"0,020052449411416","0,234663849694409","0,117558288689353","0,234663849694409","68,4817",6,"58,7227",2,"78,4393","31,8658","2887,6","1173,08","6152,7167","1015,4308","0,2345"
1065,"universal-dependencies-treebank-indonesian","Linguistics",16852,82854,"9,8331",11780,11780,7,81,81,"0,000283559376111","0,078644362372366",556,"0,00029174980812",2326,80528,"0,016708599546151","0,699068304551659","0,00041540561391","0,699068304551659","5,6077",9,"3,0736",4,"101,2808","3,1076","2059,99","63,2063","10257,8047","9,6571","0,6986"
1095,"universal-dependencies-treebank-turkish","Linguistics",16022,84873,"10,5946",8893,8893,10,88,88,"0,000303255318283","0,037184970485313",842,"0,000330625311555",7026,77847,"0,009220627269167","0,55508395231259","0,000624180762749","0,55508395231259","6,2266",11,"2,7224",3,"86,1538","4,6344","1626,38","87,4869","7422,471","21,4779","0,5545"
1054,"universal-dependencies-treebank-finnish","Linguistics",16645,86868,"10,4377",9140,9140,12,91,91,"0,00029117937428","0,029032555141134",647,"0,000313539472747",6195,80673,"0,009278075212467","0,549146839701995","0,000720980533526","0,549146839701995","6,3266",11,"2,6406",4,"84,698","4,7364","1622,92","90,7559","7173,7589","22,4337","0,5486"
79,"bll-thesaurus","Linguistics",36707,90181,"4,9136",9570,9570,29,51,56,"5,58E-05","0,022377219148158",5,"6,69E-05",14929,75252,"0,005761787187799","0,260720318204108","0,000790061570315","0,260720318204108","2,5662",24,"2,3251",18,"77,7237","4,1744","3163,64","169,915","6040,9784","17,4259","0,2606"
1083,"universal-dependencies-treebank-russian","Linguistics",18887,91389,"9,6775",9573,9573,10,97,97,"0,000239460346422","0,030331878015954",498,"0,000256193416052",5969,85420,"0,008345919298678","0,506883405697342","0,000529492745949","0,506883405697342","6,1635",11,"2,8105",3,"84,7027","4,7304","1750,52","97,7606","7174,5557","22,3764","0,5065"
1041,"universal-dependencies-treebank-chinese","Linguistics",16719,97507,"11,6642",12012,12012,9,101,101,"0,000331651955762","0,030972135333874",499,"0,000348831101348",4802,92705,"0,014291965747763","0,71850699844479","0,000538341906927","0,71850699844479","7,8175",9,"2,7732",3,"108,8298","3,545","1866,05","60,785","11843,924","12,5674","0,7179"
1067,"universal-dependencies-treebank-italian","Linguistics",17060,110208,"12,92",11719,11719,11,115,115,"0,00034319943816","0,021141840882695",488,"0,00037866491481",10322,99886,"0,011843581164835","0,686968755495633","0,000644820915646","0,686968755495633","6,1434",11,"2,7313",3,"106,1362","4,4415","1642,97","68,7535","11264,8986","19,7268","0,6864"
1045,"universal-dependencies-treebank-czech-cac","Linguistics",19612,110830,"11,3023",10900,10900,11,115,115,"0,00026734746266","0,026418839664351",627,"0,000288146642873",8000,102830,"0,008512441920146","0,555810514507164","0,000560909693539","0,555810514507164","5,9833",11,"2,6034",3,"90,7613","4,9959","1606,07","88,4059","8237,6106","24,9594","0,5553"
1062,"universal-dependencies-treebank-hebrew","Linguistics",20985,116131,"11,068",14978,14978,9,101,101,"0,000228425979527","0,029191172038474",490,"0,000263712198072",15539,100592,"0,015792805122326","0,71378192908883","0,000428898208159","0,71378192908883","6,3933",10,"2,9145",3,"123,488","3,7606","2231,44","67,954","15249,2874","14,1419","0,7134"
591,"multext-east","Linguistics",62397,127651,"4,0916",15349,15349,41,31,34,"3,28E-05",0,4,"3,28E-05",0,127651,"0,004217820479327","0,245993332905956","0,000657093403423","0,245993332905956","6,2651",14,"59,2808",1,"136,3181","3,9077","6663,35","191,011","18582,6155","15,27","0,2459"
1086,"universal-dependencies-treebank-slovak","Linguistics",23779,128165,"10,7797",13028,13028,10,117,117,"0,00021027663971","0,028634962743339",1060,"0,000226663853593",9266,118899,"0,008623777741856","0,547901421482042","0,000420556817226","0,547901421482042","1,7591",20,"1,7208",11,"98,7576","4,7605","1832,29","88,3229","9753,0727","22,662","0,5475"
524,"germlex","Linguistics",65317,144203,"4,4155",17927,17927,39,21,24,"3,37E-05","0,009542103839726",2,"3,38E-05",508,143695,"0,020002457881632","0,274465674566722","0,00059709718905","0,274465674566722","8,3763",7,"23,6511",2,"110,9542","2,5391","5025,69","115,009","12310,8361","6,447","0,2744"
1073,"universal-dependencies-treebank-latin-proiel","Linguistics",23659,145572,"12,3058",14906,14906,10,118,118,"0,000242771625412","0,035391421427198",1331,"0,000260066899607",9681,135891,"0,010014815120336","0,630061712739877","0,000422689999155","0,630061712739877","6,8192",11,"1,7525",13,"115,8719","4,532","1883,2","73,6556","13426,3","20,5388","0,6296"
1077,"universal-dependencies-treebank-persian","Linguistics",21252,149473,"14,0667",16122,16122,10,111,111,"0,000289340689017","0,058659423441023",599,"0,000330950572462",18793,130680,"0,013354421560445","0,758646651922263","0,000470566091007","0,758646651922263","7,4094",11,"2,8292",3,"141,0282","4,0406","2005,13","57,4484","19888,9515","16,3261","0,7581"
44,"apertium-rdf-fr-ca","Linguistics",56390,152009,"5,3913",13100,13100,6556,10,13,"4,37E-05",0,2,"4,78E-05",13101,138908,"0,019848453870858","0,232314813172782","0,116263810317615","0,232314813172782","95,8806",6,"7,9578",3,"113,5948","46,0484","4213,97","1708,23","12903,7899","2120,4546","0,2322"
1087,"universal-dependencies-treebank-slovenian","Linguistics",24970,152041,"12,1779",14063,14063,11,134,134,"0,000227114347389","0,020376082767148",789,"0,000243850490031",10435,141606,"0,007896003090302","0,563218390804598","0,000440546277384","0,563218390804598","1,7985",23,"1,7853",20,"103,9339","5,2638","1706,93","86,4491","10802,2535","27,708","0,5628"
1039,"universal-dependencies-treebank-bulgarian","Linguistics",26148,152113,"11,6348",15734,15734,10,130,130,"0,000200688031127","0,022746247855213",1115,"0,000222479181999",14899,137214,"0,009651339760183","0,601751634986805","0,000382453053888","0,601751634986805","6,2015",11,"2,8164",3,"115,6847","4,6026","1988,6","79,1189","13382,9521","21,1844","0,6014"
247,"de-gaap-ontology-lexicon","Linguistics",64132,153910,"4,7998",23881,23881,2023,54,57,"3,74E-05","0,008901305958027",48,"3,74E-05",0,153910,"0,029425333263169","0,372378412936022","0,031544806723737","0,372378412936022","6,7574",6,"2,0864",5,"113,1027","10,808","4712,82","450,355","12792,2257","116,8139","0,3723"
1059,"universal-dependencies-treebank-german","Linguistics",24558,156450,"12,7413",16537,16537,10,128,128,"0,000233046062679","0,019009268136785",976,"0,00025941171055",15901,140549,"0,011196960783866","0,673412876165655","0,00040721586513","0,673412876165655","6,4539",10,"2,6678",4,"122,7843","4,3541","1927,35","68,3458","15075,978","18,9578","0,673"
1055,"universal-dependencies-treebank-finnish-ftb","Linguistics",30883,161090,"10,4323",16311,16311,11,118,118,"0,000157331036036","0,05296418151344",1866,"0,000168899987972",11034,150056,"0,0082923293291","0,528171750534292","0,000356194546985","0,528171750534292","6,8773",11,"1,7398",14,"110,4442","4,7421","2117,36","90,9113","12197,9258","22,4871","0,5279"
48,"apertium-rdf-pt-ca","Linguistics",60300,163156,"5,4115",14222,14222,7117,10,13,"4,10E-05",0,2,"4,49E-05",14223,148933,"0,020150931450007","0,235857974427437","0,118028491351432","0,235857974427437","81,4779",6,"56,1683",2,"116,9417","47,7094","4321,99","1763,27","13675,3704","2276,1869","0,2358"
1036,"universal-dependencies-treebank-ancient-greek-proiel","Linguistics",29010,178945,"12,3368",18502,18502,10,129,129,"0,000202895719611","0,024756210008662",1478,"0,000212629790082",8192,170753,"0,01032231286742","0,637802061429212","0,00034472060395","0,637802061429212","7,14",11,"1,7172",12,"128,118","4,5184","2077,01","73,2514","16414,2217","20,4162","0,6374"
28,"apertium-rdf-ca-it","Linguistics",66886,180858,"5,4079",15738,15738,7875,10,13,"3,69E-05",0,4,"4,04E-05",15739,165119,"0,020102943357744","0,235299394483068","0,117739403453689","0,235299394483068","86,7506",6,"59,8096",2,"123,767","50,2375","4577,23","1857,91","15318,2651","2523,8077","0,2352"
1091,"universal-dependencies-treebank-swedish","Linguistics",28349,197505,"13,9338",20377,20377,10,154,154,"0,000223648934391","0,021822232348548",1218,"0,000245755138211",17766,179739,"0,011485275058814","0,718816142232256","0,000352758572033","0,718816142232256","1,6894",21,"1,7065",11,"138,9277","4,217","1994,11","60,5292","19300,9132","17,7832","0,7184"
39,"apertium-rdf-es-gl","Linguistics",76385,206291,"5,4013",17970,17970,8991,11,14,"3,23E-05",0,5,"3,54E-05",17971,188320,"0,020099156547893","0,235258692919983","0,117707896941768","0,235258692919983","91,273",6,"62,021",2,"132,2245","53,6212","4895,98","1985,47","17483,3315","2875,2284","0,2352"
1038,"universal-dependencies-treebank-basque","Linguistics",37633,211684,"11,2499",24374,24374,9,120,120,"0,00013753998627","0,050216360235067",1798,"0,000149468732756",16894,194790,"0,011849465172158","0,647693452380952","0,000239158163265","0,647693452380952","7,4101",10,"2,6628",4,"145,8368","4,003","2592,67","71,1648","21268,3819","16,0239","0,6475"
1080,"universal-dependencies-treebank-portuguese-bosque","Linguistics",33697,218637,"12,9766",22584,22584,11,146,146,"0,000172716077131","0,022713447403687",935,"0,000192548962892",22520,196117,"0,010718836001995","0,67022792022792","0,000326448243115","0,67022792022792","1,6702",23,"2,9383",4,"145,25","4,4742","2238,64","68,958","21097,5737","20,0186","0,6699"
1053,"universal-dependencies-treebank-estonian","Linguistics",40327,230731,"11,443",23670,23670,10,128,128,"0,000131014777587","0,025250183113669",1805,"0,000141877692945",17666,213065,"0,009318520679026","0,586966225264098","0,000247978971383","0,586966225264098","7,2506",11,"1,6756",15,"145,3183","4,6612","2539,86","81,4679","21117,4094","21,7267","0,5867"
395,"gemet-annotated","Linguistics",110498,231297,"4,1864",61244,61244,132,53,67,"1,89E-05",0,4,"1,89E-05",0,231297,"0,037090355662071","0,554259391657692","0,001194602568396","0,554259391657692","3,4023",23,"2,5646",21,"184,9218","4,0948","8834,31","195,624","34196,0688","16,7677","0,5542"
49,"apertium-rdf-pt-gl","Linguistics",87075,234072,"5,3763",20288,20288,10150,10,13,"2,82E-05",0,4,"3,09E-05",20289,213783,"0,019905704573275","0,23299722075476","0,116567517284149","0,23299722075476","98,8982",6,"65,0282",2,"140,0659","56,9827","5210,46","2119,76","19618,4597","3247,0302","0,2329"
746,"pdev-lemon","Linguistics",69261,236360,"6,8252",45212,45212,1030,80,86,"4,85E-05","0,031667794889152",6,"4,93E-05",3570,232790,"0,021453335507994","0,652786601212821","0,014871498700549","0,652786601212821","1,6927",39,"2,1844",3,"196,2408","6,4119","5750,48","187,889","38510,4646","41,1122","0,645"
747,"pdevlemon","Linguistics",69261,236360,"6,8252",45212,45212,1030,80,86,"4,85E-05","0,031667794889152",1203,"4,93E-05",3570,232790,"0,021453335507994","0,652786601212821","0,014871498700549","0,652786601212821","1,6927",39,"2,1844",3,"196,2408","6,4119","5750,48","187,889","38510,4646","41,1122","0,645"
1081,"universal-dependencies-treebank-portuguese-br","Linguistics",38761,237097,"12,2338",29438,29438,9,112,112,"0,000136338484043","0,029042965537312",8,"0,000157810578905",32260,204837,"0,015248423580779","0,759494324045408","0,000232198142415","0,759494324045408","6,9549",11,"3,5896",4,"187,6555","3,3231","3067,82","54,3269","35214,5695","11,0431","0,7593"
1035,"universal-dependencies-treebank-ancient-greek","Linguistics",35831,244725,"13,66",25251,25251,11,164,164,"0,00018188657483","0,024067831239146",952,"0,000190616494839",11208,233517,"0,011249454763326","0,704744627407201","0,000307005302819","0,704744627407201","6,4867",11,"2,7631",3,"155,5373","4,3414","2277,27","63,5642","24191,8505","18,8479","0,7044"
1050,"universal-dependencies-treebank-english","Linguistics",33646,247670,"14,7221",25096,25096,11,151,151,"0,00019348470333","0,017103403722696",2076,"0,00021877944837",28635,219035,"0,011695700470487","0,745905780948135","0,000326943082182","0,745905780948135","1,6046",23,"1,6223",16,"161,4311","4,092","2193,04","55,5901","26060,0144","16,7446","0,7456"
1075,"universal-dependencies-treebank-norwegian","Linguistics",40327,262249,"13,0061",29966,29966,10,148,148,"0,000146176495236","0,024518682626054",1938,"0,000161258275209",24527,237722,"0,01346858027122","0,743093785646977","0,000247978971383","0,743093785646977","6,2389",10,"2,8579",4,"168,8715","3,6798","2596,8","56,5856","28517,5783","13,5409","0,7428"
43,"apertium-rdf-eu-es","Linguistics",96294,262343,"5,4488",23675,23675,11844,12,16,"2,57E-05",0,5,"2,83E-05",23677,238666,"0,021004895204623","0,24586418535096","0,122999594986136","0,24586418535096","11,3862",7,"38,0689",2,"147,0176","60,5267","5396,34","2221,66","21614,1743","3663,486","0,2458"
42,"apertium-rdf-eu-en","Linguistics",95352,265473,"5,5683",26177,26177,13095,17,21,"2,63E-05",0,4,"2,92E-05",26179,239294,"0,023453925776235","0,2745330410798","0,137334689725331","0,2745330410798","6,397",8,"4,0018",5,"147,4528","61,2885","5296,18","2201,35","21742,3255","3756,2768","0,2745"
1082,"universal-dependencies-treebank-romanian","Linguistics",40530,269631,"13,3053",27289,27289,10,174,174,"0,000150632420454","0,039023702764148",1190,"0,000164140826134",22190,247441,"0,010510763337191","0,673320338523033","0,000246736904439","0,673320338523033","8,2456",11,"2,869",3,"157,1775","4,5395","2362,64","68,2362","24704,7633","20,6071","0,6731"
40,"apertium-rdf-es-pt","Linguistics",103914,279252,"5,3747",24107,24107,12060,10,13,"2,36E-05",0,2,"2,59E-05",24109,255143,"0,019819744973425","0,231992147277049","0,116058625965952","0,231992147277049","111,397",6,"72,8663",2,"152,2785","62,2549","5666,52","2316,6","23188,7514","3875,6693","0,2319"
1057,"universal-dependencies-treebank-galician","Linguistics",39113,298144,"15,2453",29746,29746,10,147,147,"0,000177861968109","0,056999302350542",863,"0,000194887425192",26046,272098,"0,011656172668149","0,760533851503375","0,000255676007363","0,760533851503375","8,4418",12,"3,1339",3,"186,4419","4,187","2445,9","54,9289","34760,6001","17,5312","0,7602"
47,"apertium-rdf-oc-es","Linguistics",117032,317169,"5,4202",29122,29122,14567,11,14,"2,10E-05",0,2,"2,32E-05",29123,288046,"0,021258576135797","0,248840050926678","0,124471293930668","0,248840050926678","15,5434",7,"6,0601",4,"160,8939","66,3834","5936,82","2449,48","25886,8585","4406,759","0,2488"
1037,"universal-dependencies-treebank-arabic","Linguistics",54555,319776,"11,7231",32119,32119,11,176,176,"0,000104067267714","0,053887721404984",703,"0,000107442658446",10046,309730,"0,009864620217575","0,588756094878469","0,000201635077171","0,588756094878469","7,9096",12,"2,9595",3,"157,7918","5,1417","2691,99","87,719","24898,2415","26,4368","0,5886"
973,"swefn-rdf","Linguistics",187019,339385,"3,6294",29452,29452,1866,96,138,"9,67E-06",0,36,"9,70E-06",1059,338326,"0,012901452983943","0,157482167491899","0,009977649210236","0,157482167491899","2,138",57,"1,8871",11,"98,6855","9,1372","5438,09","503,509","9738,8361","83,4887","0,1554"
46,"apertium-rdf-oc-ca","Linguistics",127694,346353,"5,4247",31966,31966,15989,11,15,"1,93E-05",0,8,"2,12E-05",31967,314386,"0,021386144875041","0,250334787341514","0,125214381367812","0,250334787341514","17,0162",7,"6,1223",4,"168,0087","69,4166","6194,17","2559,26","28226,9387","4818,6635","0,2503"
487,"iwn","Linguistics",212119,368442,"3,4739",47105,47105,8,19,20,"8,19E-06",0,2,"8,19E-06",3,368439,"0,018535948497665","0,222069791342555","3,77E-05","0,222069791342555","5,9982",8,"5,705",7,"141,6855","1,7443","8157,1","100,424","20074,7877","3,0427","0,2221"
855,"simple","Linguistics",173235,372294,"4,2981",37663,37663,31451,61,91,"1,24E-05","0,142857526578457",3,"1,24E-05",118,372176,"0,013944466071863","0,217411131763972","0,18155212025353","0,217411131763972","1,7895",23,"1,8041",9,"161,8167","76,3376","7529,62","3552,12","26184,6422","5827,4294","0,2174"
34,"apertium-rdf-eo-es","Linguistics",138756,380205,"5,4802",34424,34424,17218,11,14,"1,80E-05",0,2,"1,97E-05",34425,345780,"0,021194449498828","0,248091960650067","0,124089222010018","0,248091960650067","60,2166",6,"6,9298",4,"178,6909","73,027","6521,33","2665,13","31930,4552","5332,9491","0,2481"
1063,"universal-dependencies-treebank-hindi","Linguistics",58621,385655,"13,1576",35430,35430,11,168,168,"0,000102713239781","0,052699952029664",1683,"0,000112225751171",32689,352966,"0,00840559213201","0,604401228249744","0,000187649266462","0,604401228249744","1,7659",29,"1,7945",13,"178,1856","5,2327","2708,49","79,5386","31750,1077","27,3809","0,6042"
41,"apertium-rdf-es-ro","Linguistics",148555,400373,"5,3902",34636,34636,17324,10,13,"1,66E-05",0,4,"1,81E-05",34637,365736,"0,019918327452712","0,233154273866742","0,116617526286737","0,233154273866742","15,9099",7,"73,3022",2,"184,8099","74,6828","6857,21","2771,04","34154,6807","5577,52","0,2331"
61,"asit","Linguistics",156301,422260,"5,4032",52940,52934,1154,144,209,"1,68E-05","0,331795576185289",6,"1,73E-05",12620,409640,"0,021258067652389","0,338669225847729","0,007383237364044","0,33870761356366","2,0924",19,"2,3272",9,"148,1333","13,2538","5483,2","490,592","21943,4664","175,6621","0,3386"
31,"apertium-rdf-en-gl","Linguistics",154325,425124,"5,5095",39944,39944,20040,11,15,"1,62E-05",0,8,"1,79E-05",40069,385055,"0,022129212612788","0,258832067598041","0,129856665197895","0,258832067598041","9,4564",8,"25,3886",2,"186,8478","77,1549","6782,79","2800,81","34912,0818","5952,882","0,2588"
32,"apertium-rdf-eo-ca","Linguistics",155456,426308,"5,4846",39927,39927,19970,11,15,"1,60E-05",0,2,"1,76E-05",39929,386379,"0,021941722972618","0,256839599884211","0,128461612685343","0,256839599884211","9,3047",8,"27,1973",2,"187,8876","77,1782","6851,44","2814,35","35301,7495","5956,475","0,2568"
743,"parole-simple-lexinfo-ontology-lexicons","Linguistics",183123,441203,"4,8187",20431,20418,20431,119,121,"1,25E-05","0,059827335716212",2,"1,32E-05",21319,419884,"0,005402376250647","0,111499437533448","0,111570428457531","0,111570428457531","1,9014",28,"4,1617",4,"77,0637","47,8766","3198,56","1987,14","5938,821","2292,1713","0,1115"
45,"apertium-rdf-fr-es","Linguistics",184011,495621,"5,3869",42950,42950,21481,10,13,"1,34E-05",0,2,"1,46E-05",42951,452670,"0,019940061122456","0,233411227650671","0,116738220748872","0,233411227650671","17,2734",7,"71,5822",2,"203,5294","82,9824","7556,51","3080,92","41424,2006","6886,0762","0,2334"
1090,"universal-dependencies-treebank-spanish-ancora","Linguistics",70298,534629,"15,2104",54755,54755,11,170,170,"8,68E-05","0,021992821190022",1720,"0,000108184881529",105894,428735,"0,012500537707653","0,778909484046261","0,000156478939357","0,778909484046261","1,5923",31,"3,2445",4,"265,9997","4,0307","3497,61","52,9995","70755,8625","16,2466","0,7788"
30,"apertium-rdf-en-es","Linguistics",211965,576329,"5,438",51591,51591,25836,11,15,"1,17E-05",0,4,"1,28E-05",51661,524668,"0,020799865963427","0,243395104829122","0,12188862259629","0,243395104829122","71,3928",6,"7,8013",4,"219,1102","89,5845","8058,54","3294,78","48009,2683","8025,3852","0,2434"
1044,"universal-dependencies-treebank-czech","Linguistics",85853,580968,"13,534",56970,56970,11,231,231,"7,28E-05","0,026703708293744",3503,"7,88E-05",44062,536906,"0,010036014939875","0,663583841960583","0,00012812747519","0,663583841960583","1,7238",30,"1,7373",27,"225,1882","4,7184","3327,74","69,7271","50709,7241","22,2637","0,6635"
1040,"universal-dependencies-treebank-catalan","Linguistics",76342,595302,"15,5957",61219,61219,11,176,176,"8,19E-05","0,021790620558977",1845,"0,000102143391763",117854,477448,"0,012988172823473","0,801915091497361","0,000144090331539","0,801915091497361","9,3488",11,"3,1793",4,"285,5244","3,881","3661,59","49,7706","81524,2056","15,0624","0,8018"
33,"apertium-rdf-eo-en","Linguistics",222135,617779,"5,5622",62945,62945,31480,15,19,"1,12E-05",0,5,"1,25E-05",62949,554830,"0,024207479642887","0,283364995903374","0,141716261355758","0,283364995903374","7,8434",9,"5,2975",6,"225,0099","93,6833","8090,69","3368,57","50629,4639","8776,5553","0,2833"
1069,"universal-dependencies-treebank-japanese-ktc","Linguistics",83998,641336,"15,2703",77688,77688,9,210,210,"7,82E-05","0,075183679069942",2836,"9,09E-05",89838,551498,"0,018008356504062","0,924890174649095","0,00010714668381","0,924890174649095","6,4948",11,"3,3849",4,"365,0053","1,9913","4780,6","26,0803","133228,8756","3,9651","0,9248"
35,"apertium-rdf-eo-fr","Linguistics",264032,726288,"5,5015",71582,71582,35797,13,17,"9,39E-06",0,4,"1,04E-05",71583,654705,"0,023160371437229","0,271112104260485","0,13557877673455","0,271112104260485","7,5676",9,"6,0293",5,"244,7028","100,499","8895,83","3653,5","59879,4682","10100,0437","0,2711"
508,"lexvo","Linguistics",645933,726674,"2,25",98944,98944,812,64,320,"1,72E-06","0,030230887578199",2,"1,74E-06",9079,717595,"0,006968317767026","0,153180210920035","0,001257098270406","0,153180210920035","2,0958",12,"3,3136",33,"123,5131","10,8195","10978,9","961,73","15255,4738","117,0606","0,1532"
38,"apertium-rdf-es-ca","Linguistics",270957,730513,"5,3921",62576,62576,31297,10,13,"9,10E-06",0,2,"9,95E-06",62582,667931,"0,019729594328393","0,230945245722553","0,115505838586339","0,230945245722553","17,8542",7,"101,2137",2,"248,037","100,9226","9200,02","3743,35","61522,3291","10185,3631","0,2309"
390,"galician-eurowordnet-lemon-lexicon-3-0","Linguistics",219382,734979,"6,7004",27126,27126,23412,139,145,"1,48E-05","0,125712435321281",23,"1,53E-05",23917,711062,"0,00524817215269","0,12364790022837","0,106718448726189","0,12364790022837","5,8568",12,"1,6078",34,"144,8991","50,1389","4325,06","1496,58","20995,763","2513,9051","0,1236"
29,"apertium-rdf-en-ca","Linguistics",281314,759613,"5,4005",66028,66028,33035,11,15,"8,76E-06",0,2,"9,60E-06",66058,693555,"0,020053317612385","0,234713646365436","0,117431473127797","0,234713646365436","119,1441",6,"6,0548",4,"252,0705","102,8162","9335,14","3807,68","63539,546","10571,1732","0,2347"
37,"apertium-rdf-es-ast","Linguistics",302496,825547,"5,4582",72189,72189,36102,11,14,"8,23E-06",0,4,"9,02E-06",72193,753354,"0,020387037155467","0,238645266863915","0,119347427230202","0,238645266863915","105,8929",6,"6,6203",4,"265,6384","107,7188","9733,49","3947,02","70563,7764","11603,3468","0,2386"
1084,"universal-dependencies-treebank-russian-syntagrus","Linguistics",149836,952493,"12,7138",108100,108100,9,222,222,"3,80E-05","0,050244988677082",6129,"4,24E-05",98443,854050,"0,012967495529186","0,72146027296693","6,01E-05","0,72146027296693","1,6586",62,"1,6586",62,"327,7638","3,815","5156,03","60,0142","107429,1081","14,5546","0,7214"
73,"basque-eurowordnet-lemon-lexicon-3-0","Linguistics",314069,1215583,"7,7409",50041,50041,27235,182,185,"1,20E-05","0,142836811636885",20,"1,23E-05",27556,1188027,"0,00424134421013","0,159331737076047","0,086716889336067","0,159331737076047","4,7766",13,"1,5964",44,"195,0775","48,7974","5040,2","1260,77","38055,2498","2381,1897","0,1593"
830,"saldo-rdf","Linguistics",538248,1382823,"5,1382",132128,132127,132128,143,143,"4,51E-06",0,3,"4,77E-06",75318,1307505,"0,017091116639963","0,245476519144556","0,245478377027647","0,245478377027647","1,6633",144,"2,2215",15,"336,4052","180,1055","13094,2","7010,4","113168,4309","32437,9905","0,2347"
58,"associations","Linguistics",373035,1674376,"8,977",325588,325588,5,259,259,"1,20E-05",0,2,"1,20E-05",564,1673812,"0,022886370983957","0,872810521292965","1,34E-05","0,872810521292965","2,8806",49,"2,8503",48,"667,8196","1,3865","14878,4","30,8895","445983,0197","1,9223","0,8728"
494,"jrc-names-mlode","Linguistics",997372,1712143,"3,4333",233851,233851,513,24,98,"1,49E-06",0,5,"1,72E-06",233851,1478292,"0,004461813140993","0,234467414833598","0,000514352232018","0,234467414833598","3,162",28,"511,1929",2,"401,1692","3,9564","23369,2","230,474","160936,7241","15,6535","0,2345"
151,"catalan-eurowordnet-lemon-lexicon-3-0","Linguistics",509922,1841180,"7,2214",71282,71282,48103,207,218,"6,89E-06","0,148487383091278",4,"7,08E-06",49655,1791525,"0,004607252360418","0,139790281239643","0,094334220398846","0,139790281239643","4,9801",13,"3,5879",7,"226,3682","67,5134","6269,36","1869,81","51242,5782","4558,0615","0,1398"
470,"ids","Linguistics",479613,1984385,"8,2749",281851,281851,223,244,244,"7,39E-06",0,7,"8,63E-06",285534,1698851,"0,020416876561593","0,587664612228218","0,000464959175333","0,587664612228218","41,2115",7,"21,7203",1,"610,1684","11,8251","14747,4","285,804","372305,4846","139,8322","0,5877"
646,"olac","Linguistics",1000240,3133455,"6,2654",137772,137772,111371,490,511,"2,64E-06",0,5,"3,13E-06",488270,2645185,"0,001383162525153","0,137739080359794","0,111344388691103","0,137739080359794","2,0094",87,"1,9298",29,"199,6826","112,6348","6374,13","3595,45","39873,1399","12686,6092","0,1377"
506,"lemonwiktionary","Linguistics",2571095,3501697,"2,7239",327594,257684,327594,140,140,"5,10E-07",0,3,"5,30E-07",129203,3372494,"0,002425389292316","0,10022348463339","0,127414244675613","0,127414244675613","1,6759",34,"1,6974",58,"190,8468","204,3118","14012,8","15001,4","36422,4998","41743,3104","0,1071"
831,"saldom-rdf","Linguistics",3126643,8349115,"5,3406",1994796,1994796,123311,323,326,"8,54E-07",0,3,"8,54E-07",0,8349115,"0,029155940151397","0,637999489548212","0,039438797278358","0,637999489548212","1,6361",134,"1,6071",95,"1152,4415","69,8601","43157,5","2616,18","1328121,4122","4880,4401","0,638"
674,"xwn","Linguistics",6069091,12798534,"4,2176",2042975,2042975,156585,164,172,"3,47E-07",0,3,"3,47E-07",6,12798528,"0,026078705432841","0,336619657971788","0,025800408298443","0,336619657971788","3,504",54,"4,632",95,"1128,7484","136,2594","53525,5","6461,45","1274072,9409","18566,6123","0,3366"
846,"semanticquran","Linguistics",2205393,15741399,"14,2754",883600,883600,16621,881,994,"2,98E-06","0,008453505307883",5,"3,24E-06",1254687,14486712,"0,00637408722047","0,400654396134565","0,007536528653409","0,400654396134565","1,8457",773,"1,8126",16,"1243,3087","36,2427","17418,9","507,766","1545816,5865","1313,5362","0,4006"
1222,"getty-aat","Linguistics",3901309,20196996,"10,354",874384,874384,3426,695,736,"9,64E-07","0,151605367451674",7,"1,33E-06",5521732,14675264,"0,005425975481087","0,224125857276585","0,000878167014755","0,224125857276585","1,7603",666,"1,7082",573,"821,1126","16,5066","15860,8","318,846","674225,9316","272,4669","0,2241"
53,"getty-aat","Linguistics",3901309,20196996,"10,354",874384,874384,3426,695,736,"9,64E-07","0,151605367451674",7,"1,33E-06",5521732,14675264,"0,005190305147967","0,224125857276585","0,000878167014755","0,224125857276585","1,7603",666,"1,7082",573,"821,1126","16,5066","15860,8","318,846","674225,9316","272,4669","0,2062"
741,"panlex","Linguistics",120683397,291314466,"4,8277",50797439,50797439,5121715,1467,1469,"1,91E-08",0,2,"2,00E-08",13793791,277520675,"0,01752153951003","0,420914895368042","0,042439268116055","0,420914895368042","2,4253",39,"2,3629",32,"5303,1407","504,2214",219694,"20888,5","28123300,7544","254239,2454","0,4209"
664,"ontos-news-portal","Media",7160,22830,"6,3771",3708,3708,211,15,22,"0,000285044942418","0,000700832238283",6,"0,000445327861178",8217,14613,"0,013072248603351","0,517949434278531","0,029473390138288","0,517949434278531","1,8738",70,"13,5968",2,"47,6761","5,837","1495,23","183,061","2273,0125","34,0703","0,2585"
767,"data-incubator-pokedex","Media",12692,26562,"4,1856",1898,1898,94,48,53,"0,0001455798407","0,128153000527069",8,"0,0001648924024",3111,23451,"0,001146550847723","0,149554802616027","0,007406823733354","0,149554802616027","2,2583",73,"1,9205",9,"21,6126","9,3148","1032,7","445,085","467,1034","86,7657","0,0417"
242,"dbtune-john-peel-sessions","Media",126177,271369,"4,3014",28631,28631,726,64,77,"1,57E-05","0,142278594828444",2,"1,70E-05",21937,249432,"0,013276630866519","0,226913200608674","0,005753867613492","0,226913200608674","1,6736",51,"1,8157",11,"100,8449","4,5125","4688,93","209,814","10169,7008","20,3623","0,2269"
133,"bricklink","Media",791979,3476977,"8,7805",357594,357594,461,332,421,"5,52E-06","0,211030443974752",2,"5,54E-06",14899,3462078,"0,009372790246733","0,451520117983075","0,000582086876151","0,451520117983075","1,8355",685,"1,816",462,"475,6922","7,7274","10835,2","176,013","226283,0898","59,7129","0,4515"
238,"dbtropes","Media",7771467,21057602,"5,4192",7048547,7048547,6552,833,1017,"2,91E-07","0,00694319324679",14,"3,49E-07",3483712,17573890,"0,029236483575266","0,906977782570238","0,000843084174852","0,906977782570238","3,2382",944,"2,9629",731,"2529,527","15,4782","93354,1","571,234","6398506,6109","239,5746","0,4607"
262,"data-incubator-discogs","Media",48318259,161749815,"6,6952",17753266,17753266,185417,1554,1745,"6,88E-08","0,308134485347016",23,"6,93E-08",1237082,160512733,"0,011823530441138","0,367423552397108","0,003837410694732","0,367423552397108","2,3525",101,"2,229",53,"2761,5415","28,02","82493,4","837,021","7626111,2629","785,1223","0,3674"
388,"rkb-explorer-lisbon","Publications",84,115,"2,7381",13,8,11,4,9,"0,016298185941043",0,6,"0,016298185941043",0,115,"0,003160984848485","0,096385542168675","0,132530120481928","0,156626506024096","2,8576",1,"5,0458",1,"1,4457","3,1463","105,598","229,82","2,09","9,8995","0,1267"
821,"rism-authorities","Publications",70,140,4,114,4,114,2,4,"0,014081632653061",0,4,"0,028571428571429",71,69,"0,003991447368421","0,057971014492754","1,65217391304348","1,65217391304348","8,5975",2,"100,546",2,"0,3381","13,6946","16,9031","684,731","0,1143","187,5429","0,8061"
265,"rkb-explorer-italy","Publications",132,180,"2,7273",11,6,11,6,9,"0,010330578512397",0,6,"0,010330578512397",0,180,"0,001860795454545","0,045801526717557","0,083969465648855","0,083969465648855","2,7733",1,"4,6754",1,"1,4049","3,248","103,028","238,188","1,9738","10,5496","0,0641"
1129,"rkb-explorer-kaunas","Publications",170,324,"3,8118",24,17,18,6,12,"0,008961937716263",0,11,"0,01121107266436",65,259,"0,005995613222562","0,100591715976331","0,106508875739645","0,142011834319527","2,2031",1,"3,2064",1,"2,299","3,8703","120,625","203,072","5,2853","14,9794","0,0716"
249,"rkb-explorer-deepblue","Publications",173,397,"4,5896",37,37,27,9,12,"0,009723011126332",0,9,"0,013264726519429",106,291,"0,007131417146798","0,215116279069767","0,156976744186047","0,215116279069767","4,6332",8,"3,8514",8,"3,9724","4,3449","173,106","189,338","15,7801","18,8784","0,0743"
385,"rkb-explorer-ft","Publications",424,782,"3,6887",75,75,42,12,14,"0,003276299394802",0,10,"0,00434985760057",193,589,"0,010248161640836","0,177304964539007","0,099290780141844","0,177304964539007","2,7499",7,"4,6143",1,"5,3482","4,034","289,979","218,722","28,6031","16,2729","0,1264"
1106,"rkb-explorer-ulm","Publications",369,1045,"5,664",129,129,87,12,21,"0,004869235684227",0,10,"0,007674737993992",382,663,"0,011894343245406","0,35054347826087","0,236413043478261","0,35054347826087","2,5441",6,"2,469",6,"9,0061","7,2178","318,015","254,867","81,11","52,0964","0,1486"
813,"rkb-explorer-courseware","Publications",688,1066,"3,0988",100,100,24,10,15,"0,001816860465116",0,2,"0,002252061925365",206,860,"0,00986454407617","0,145560407569141","0,034934497816594","0,145560407569141","3,6803",6,"6,2687",1,"5,6268","2,7429","363,153","177,03","31,6603","7,5237","0,1307"
815,"rkb-explorer-wiki","Publications",1128,1748,"3,0993",192,37,192,9,18,"0,001371441325889",0,9,"0,001373799104673",3,1745,"0,001095582703414","0,032830523513753","0,17036379769299","0,17036379769299","3,4996",14,"5,0364",8,"2,0025","6,6519","129,222","429,252","4,0099","44,2475","0,1679"
814,"rkb-explorer-curriculum","Publications",1068,2479,"4,6423",349,349,54,13,20,"0,001556165747871",0,3,"0,002173371768436",704,1775,"0,016709492793417","0,327085285848172","0,050609184629803","0,327085285848172","2,966",9,"2,4511",4,"12,2086","4,263","525,969","183,658","149,0495","18,1731","0,2147"
463,"rkb-explorer-eurecom","Publications",816,2486,"6,0931",816,408,612,12,18,"0,002254241157247",0,11,"0,003733539984621",985,1501,"0,015302658281589","0,500613496932515","0,750920245398773","1,00122699386503","2,1741",10,"2,3427",3,"21,4769","21,5991","704,952","708,966","461,2552","466,5223","0,2489"
1104,"rkb-explorer-roma","Publications",720,2602,"7,2278",374,374,135,23,30,"0,002816358024691",0,9,"0,005019290123457",1142,1460,"0,010525469299798","0,520166898470097","0,187760778859527","0,520166898470097","3,5012",92,"2,1373",6,"16,7784","10,3747","464,276","287,078","281,5148","107,6343","0,1268"
986,"rkb-explorer-darmstadt","Publications",1320,2799,"4,2409",319,315,54,13,21,"0,001301652892562",0,4,"0,001606404958678",531,2268,"0,003405538050966","0,238817285822593","0,040940106141016","0,241849886277483","2,7058",13,"2,7505",3,"15,1736","5,1443","715,582","242,602","230,2378","26,4635","0,1872"
137,"rkb-explorer-budapest","Publications",1021,3497,"6,8501",501,501,121,22,33,"0,001965578867293",0,9,"0,00335462630499",1448,2049,"0,012760963963655","0,491176470588235","0,118627450980392","0,491176470588235","2,5303",6,"1,991",3,"19,0265","10,7581","555,506","314,099","362,0074","115,737","0,1552"
251,"rkb-explorer-deploy","Publications",1926,4769,"4,9522",488,488,237,25,30,"0,000944607809836","0,005032501572657",8,"0,001285626325659",1265,3504,"0,006718890731302","0,253506493506494","0,123116883116883","0,253506493506494","2,1787",16,"2,1285",3,"14,0668","8,9843","568,099","362,839","197,8746","80,7178","0,1869"
440,"rkb-explorer-ibm","Publications",1597,6888,"8,6262",967,967,204,36,52,"0,001413498776079",0,9,"0,002700743292546",3283,3605,"0,01227819067033","0,605889724310777","0,12781954887218","0,605889724310777","2,5374",57,"2,9128",1,"29,8142","14,6078","691,25","338,686","888,8876","213,3885","0,1239"
836,"rkb-explorer-southampton","Publications",3797,7049,"3,7129",559,555,42,19,25,"0,00044842243738",0,5,"0,000488929584082",584,6465,"0,002670548206157","0,146206533192835","0,011064278187566","0,147260273972603","3,2837",1,"2,4025",2,"17,4482","4,6095","939,859","248,294","304,4384","21,2475","0,1443"
1105,"rkb-explorer-pisa","Publications",962,8780,"18,2536",1462,1462,730,41,51,"0,002754353585954",0,9,"0,009487337969666",6231,2549,"0,012123912483513","1,5213319458897","0,759625390218522","1,5213319458897","2,2254",21,"2,2231",42,"56,1783","33,8159","615,53","370,512","3156,0026","1143,5182","0,1801"
501,"rkb-explorer-laas","Publications",3362,15919,"9,47",2614,2614,337,55,69,"0,00070379271283",0,9,"0,001408381671344",7964,7955,"0,012697816796489","0,77774471883368","0,100267777447188","0,77774471883368","2,5783",6,"2,1096",2,"51,0224","19,3297","1077,56","408,232","2603,2852","373,638","0,1239"
811,"rkb-explorer-rae2001","Publications",13875,50825,"7,3261",5982,5982,4281,36,53,"0,00013726158591",0,3,"0,000264004545086",24400,26425,"0,007216955250965","0,43116621017731","0,308562779299409","0,43116621017731","2,0841",15,"2,1288",5,"83,9583","69,5949","2292,02","1899,91","7048,9937","4843,4541","0,2068"
1101,"rkb-explorer-newcastle","Publications",18004,58050,"6,4486",4692,4692,570,86,111,"0,000109435924308",0,10,"0,000179087063572",22577,35473,"0,004315384684913","0,260623229461756","0,031661389768372","0,260623229461756","2,0075",26,"1,9546",6,"46,285","15,5625","1435,51","482,664","2142,3043","242,1903","0,1118"
449,"rkb-explorer-ieee","Publications",20815,66131,"6,3542",6685,6685,936,91,119,"8,76E-05",0,6,"0,000152634342242",28183,37948,"0,017590837994351","0,321178053233401","0,044969731911214","0,321178053233401","2,6077",6,"2,1516",58,"66,6681","22,5393","2098,41","709,434","4444,6349","508,0202","0,2493"
1968,"rkb-explorer-jisc","Publications",21915,79877,"7,2897",3154,3154,930,85,106,"0,00012878247105",0,7,"0,000166317824415",18027,61850,"0,003127851902972","0,143926257187186","0,04243862371087","0,143926257187186","2,1093",33,"1,8904",4,"44,8745","14,705","1231,17","403,444","2013,7184","216,2358","0,1257"
560,"msc","Publications",45383,81269,"3,5815",9237,9237,360,38,57,"3,79E-05","0,012600130431038",3,"3,95E-05",3236,78033,"0,003813068724767","0,20353884800141","0,0079326605262","0,20353884800141","3,3699",18,"3,5275",3,"58,2101","4,7808","3250,62","266,975","3388,4107","22,8562","0,1938"
967,"stw-thesaurus-for-economics","Publications",49543,109340,"4,4139",7443,7388,114,35,68,"4,45E-05","0,362749222608378",8,"4,45E-05",13,109327,"0,002160043335359","0,149125994106011","0,00230107787332","0,15023616325542","4,2679",30,"3,4288",7,"53,6071","5,8169","2428,99","263,571","2873,7197","33,8367","0,1499"
770,"psh-subject-headings","Publications",72956,119283,"3,27",14159,14088,161,30,60,"2,24E-05","0,269040852426582",8,"2,24E-05",6,119277,"0,004250017730228","0,193105338907546","0,002206839832774","0,194078541566719","3,7893",27,"3,6011",16,"73,7746","3,9543","4512,21","241,851","5442,6917","15,6362","0,194"
733,"rkb-explorer-os","Publications",57299,148931,"5,1984",10439,10439,252,15,74,"4,18E-05","0,444151989847648",7,"4,54E-05",11858,137073,"0,00345437991434","0,182187859960208","0,004398059269084","0,182187859960208","3,2307",67,"11,39",10,"43,8275","6,4281","1686,2","247,31","1920,849","41,32","0,1821"
1107,"rkb-explorer-irit","Publications",38834,178323,"9,1839",26192,26192,4269,99,146,"5,86E-05",0,10,"0,000118245088126",89968,88355,"0,012443214902379","0,674477892514099","0,109932274096773","0,674477892514099","2,0791",18,"2,0578",16,"157,751","56,3756","3435,4","1227,71","24885,3919","3178,2035","0,1258"
1135,"rkb-explorer-webconf","Publications",57191,204740,"7,1599",11512,11512,623,88,144,"4,46E-05","0,357218911790564",11,"6,26E-05",58874,145866,"0,004338483270553","0,201293932505683","0,010893512851897","0,201293932505683","2,9801",22,"2,486",16,"54,445","10,1616","1520,84","283,849","2964,2628","103,2585","0,1273"
334,"rkb-explorer-era","Publications",109255,233722,"4,2785",28499,28499,28499,132,159,"1,14E-05",0,8,"1,96E-05",97180,136542,"0,002221706672464","0,260850861295696","0,260850861295696","0,260850861295696","7,3864",6,"16,1561",2,"102,5442","94,7561","4793,5","4429,44","10515,3087","8978,7232","0,0978"
1028,"rkb-explorer-unlocode","Publications",145738,242968,"3,3343",48177,48177,45,101,103,"1,14E-05","3,70E-05",7,"1,14E-05",617,242351,"0,008530691068203","0,330574939788798","0,000308775396776","0,330574939788798","2,4249",14,"2,4326",14,"126,6795","2,3565","7598,54","141,349","16047,6927","5,5532","0,3293"
820,"rkb-explorer-risks","Publications",89905,302977,"6,7399",26541,26541,2847,159,189,"2,66E-05",0,8,"3,75E-05",88278,214699,"0,004434274555173","0,295214895888948","0,031667111585691","0,295214895888948","2,3588",21,"2,4283",3,"146,7665","13,7604","4355,13","408,324","21540,4177","189,3484","0,2237"
482,"ispra-lod-place","Publications",170520,309290,"3,6276",24276,24276,9265,134,189,"7,04E-06",0,4,"1,06E-05",104547,204743,"0,000341134906127","0,142365366909259","0,054334121124332","0,142365366909259","2,1453",478,"6,9353",2,"91,0929","38,2132","5022,2","2106,8","8297,9233","1460,2503","0,0482"
213,"data-szepmuveszeti-hu","Publications",117504,334701,"5,6968",17154,17147,67,70,71,"2,42E-05","5,98E-06",2,"2,42E-05",1,334700,"0,006326772073121","0,145928189067513","0,000570198207705","0,145987762014587","4,307",5,"2,0803",6,"100,7994","3,6938","3538,78","129,68","10160,5205","13,6445","0,1459"
224,"rkb-explorer-dblp","Publications",160720,388940,"4,84",69705,47719,46470,113,167,"1,10E-05","5,14E-06",7,"1,51E-05",105255,283685,"0,018042753847177","0,296909512876511","0,289138185279898","0,433707277919848","2,3486",75,"2,3758",32,"170,8183","116,1669","7058,65","4800,32","29178,9057","13494,7535","0,2546"
1119,"vivo-indiana-university","Publications",337070,1508033,"8,9479",113016,113014,4916,212,240,"1,21E-05","0,210907188370546",18,"1,33E-05",134796,1373237,"0,017354308994454","0,335284466978571","0,014584550937642","0,3352904004818","2,4223",35,"2,3757",12,"270,6234","28,8713","6048,87","645,32","73237,0197","833,5502","0,3344"
791,"stitch-rameau","Publications",981124,1703766,"3,4731",157293,157280,235,150,151,"1,74E-06","0,035464964085444",5,"1,77E-06",28694,1675072,"0,002227323205384","0,160306098216024","0,000239521446343","0,160319348338587","4,2572",19,"2,5092",8,"251,4088","4,3903","14477,5","252,82","63206,3616","19,2751","0,158"
212,"data-hnm-hu","Publications",1200670,2269696,"3,7807",70367,70367,213,167,169,"1,57E-06",0,32,"1,57E-06",869,2268827,"0,004677606170487","0,058606493546515","0,000177401098887","0,058606493546515","7,1214",11,"2,4354",7,"185,8982","2,9704","9834,02","157,135","34558,1321","8,8233","0,0586"
194,"core","Publications",1561235,3306719,"4,236",766417,766417,2405,12,639,"1,35E-06",0,2,"1,36E-06",9151,3297568,"0,031644693088283","0,490904630567871","0,001540448132695","0,490904630567871","24,9179",4,"45,4239",2,"617,2679","22,8859","29143,7","1080,54","381019,623","523,765","0,4909"
509,"lcsh","Publications",2538313,7494823,"5,9054",673256,673256,1066,218,271,"1,16E-06","0,255449928570695",2,"1,16E-06",14468,7480355,"0,009220091181619","0,265237685516989","0,000419964133645","0,265237685516989","2,806",40,"2,4573",25,"769,0271","4,2864","26045,1","145,171","591402,6888","18,3736","0,2652"
829,"radatana","Publications",6243048,9378346,"3,0044",1441181,1441181,109,408,408,"2,02E-07",0,4,"2,41E-07",1488383,7889963,"0,00462402518136","0,23084577130366","1,75E-05","0,23084577130366","3,8279",241,"20,387",2,"577,6235","2,8219","38451,7","187,848","333648,8691","7,9629","0,2307"
170,"rkb-explorer-citeseer","Publications",1375532,9507056,"13,8231",1123657,1123657,416020,258,407,"2,36E-06","0,055880811052338",6,"5,02E-06",5039620,4467436,"0,022807002689777","0,816889622989231","0,30244320193438","0,816889622989231","2,9434",62,"2,8368",49,"1503,1981","721,1273","21749,1","10433,7","2259604,5076","520024,524","0,2918"
57,"rkb-explorer-acm","Publications",2785328,13546524,"9,7271",1480689,1480689,175820,810,855,"1,06E-06","0,051842819604498",6,"1,75E-06",5287134,8259390,"0,024844570964018","0,531603291103702","0,063123647600443","0,531603291103702","2,8178",23,"2,4025",12,"1255,6319","283,2647","25817,3","5824,26","1576611,586","80238,8645","0,3353"
610,"rkb-explorer-nsf","Publications",2765297,15336321,"11,092",636838,636838,43240,1122,1760,"9,33E-07",0,9,"2,01E-06",8200944,7135377,"0,003737304271386","0,23029650352078","0,015636662404314","0,23029650352078","2,2366",2605,"2,0789",6,"803,6124","143,4168",14490,"2585,95","645792,9572","20568,3694","0,1362"
450,"twc-ieeevis","Publications",2634934,31892842,"24,2077",2046207,1822497,1442406,767,981,"1,70E-06","0,102485535782606",8,"4,59E-06",20104090,11788752,"0,041348319477345","0,691667302356455","0,547416575677636","0,776568891884537","1,8003",963,"1,6356",779,"2096,9573","940,1914","17324,7","7767,71","4397230,0364","883959,865","0,6878"
426,"hebis-bibliographic-resources","Publications",16011252,41285409,"5,157",2491960,2491960,36,1046,1046,"1,39E-07",0,5,"1,61E-07",5710421,35574988,"0,001248984569196","0,155638057263608","2,25E-06","0,155638057263608","1,9614",83,"1,9614",83,"1340,9869","6,0648",52006,"235,205","1798245,7386","36,7821","0,1556"
221,"datos-bne-es","Publications",21005885,57915480,"5,5142",2390185,2390170,74001,1492,1523,"1,31E-07","0,156602000017957",5,"1,31E-07",101731,57813749,"0,014802350189437","0,113785737367682","0,003522870068215","0,113786451453317","1,937",119,"1,9313",76,"1029,1889","36,4002","37328,6","1320,23","1059229,8859","1324,9776","0,1138"
255,"deutsche-nationalbibliografie-dnb","Publications",92499102,226448726,"4,8962",10264011,10264011,754,2603,2604,"2,57E-08","0,009560605785877",10,"2,65E-08",6236567,220212159,"0,000824387722654","0,110963359524975","8,15E-06","0,110963359524975","2,0306",77,"2,0176",60,"1573,0802","6,4662","64256,7","264,129","2474581,2372","41,8117","0,111"
67,"b3kat","Publications",79679822,255640129,"6,4167",19929118,19929118,36858,2488,2512,"3,75E-08","0,015619809048054",6,"4,03E-08",17286323,238353806,"0,008382824865818","0,250114994610743","0,000462576340376","0,250114994610743","2,1252",87,"2,111",56,"2818,7335","12,2417","87856,4","381,557","7945258,6484","149,8584","0,2501"
544,"lobid-resources","Publications",218757266,720668819,"6,5888",26911667,19319705,20161919,5309,5749,"1,31E-08","0,058864543437393",2,"1,51E-08",95219332,625449487,"0,000675131679609","0,0883157183374","0,092165711616481","0,12302067773612","2,0601",205,"1,9992",60,"2116,5319","1368,2596","64246,8","41533,2","4479707,3995","1872134,3982","0,123"
1121,"vivo-scripps-research-institute","Social_networking",91088,405769,"8,9094",39164,39164,564,123,135,"4,05E-05","0,062128945286604",26,"4,89E-05",69797,335972,"0,003713224466969","0,429962563263693","0,006191882485975","0,429962563263693","1,718",172,"2,4681",5,"218,3994","10,148","4902,68","227,805","47698,2964","102,9817","0,2689"
1124,"vivo-wustl","Social_networking",288275,1182691,"8,2053",131581,131579,2302,180,230,"1,41E-05","0,227519275956273",2,"1,42E-05",6862,1175829,"0,019768413384388","0,456437278422612","0,007985458279276","0,456444216266469","2,3798",79,"2,1077",35,"317,6626","9,459","7742,87","230,559","100909,5387","89,473","0,4564"
1123,"vivo-weill-cornell-medical-college","Social_networking",331647,1600499,"9,6518",101347,101347,2506,246,264,"1,43E-05","0,2531760407223",20,"1,46E-05",23069,1577430,"0,004583018422289","0,305587885878316","0,007556249736164","0,305587885878316","1,8209",293,"2,1781",13,"328,4602","9,9539","6806,18","206,259","107886,0826","99,0793","0,3056"
498,"klappstuhlclub","User_generated",2657,5713,"4,3003",813,813,182,18,26,"0,000701734604652","0,000525118151584",5,"0,00080924703197",759,4954,"0,006596543213653","0,306099397590361","0,068524096385542","0,306099397590361","3,9561",14,"1,9493",3,"21,2027","6,4525","986,092","300,095","449,5525","41,6353","0,1244"
483,"ispra-lod-ron","User_generated",46727,113049,"4,8387",5358,5358,24,61,68,"5,18E-05",0,5,"5,18E-05",15,113034,"0,002090990525515","0,114668492916149","0,000513632667038","0,114668492916149","1,6807",41,"1,6667",43,"53,0473","4,8646","2192,63","201,071","2814,0213","23,6644","0,1146"
597,"my-experiment","User_generated",860179,2917160,"6,7827",109359,109359,391,401,416,"3,87E-06","0,026294409631285",24,"3,94E-06",50838,2866322,"0,005434505489587","0,127135313853644","0,000454557080046","0,127135313853644","2,3656",53,"1,9216",16,"219,9764","7,6707","6486,41","226,185","48389,6034","58,8399","0,1271"
1156,"yovisto","User_generated",2961628,4932352,"3,3308",505527,505527,301,252,256,"5,42E-07",0,9,"5,62E-07",179591,4752761,"0,003130004336197","0,17069232553593","0,000101633325196","0,17069232553593","3,5615",95,"3,5223",94,"294,8417","2,7916","17703,8","167,621","86931,6198","7,793","0,1707"
